{
  "val": {
    "MAE": 0.07391596769842515,
    "MedianAE": 0.05612354585900903,
    "RMSE": 0.0992910445188358,
    "R2": -0.007166427413101584,
    "HitRate(sign)": 0.5311185870479395,
    "HitRate(sign,deadzone)": 0.5341530054644809,
    "PearsonCorr(IC)": 0.05798949097040055,
    "SpearmanCorr(RankIC)": 0.09500369577670763,
    "AUC(Sign)": 0.5416800890993497,
    "N": 7134,
    "N_deadzone": 6588,
    "DailyIC_mean": 0.03245011693062975,
    "DailyIC_std": 0.18775998392444787,
    "DailyIC_tstat": 1.6120290096042558,
    "DailyIC_frac_pos": 0.6436781609195402,
    "DailyIC_N": 87,
    "DailyRankIC_mean": 0.06785150757845575,
    "DailyRankIC_std": 0.1416656075132975,
    "DailyRankIC_tstat": 4.467398556480125,
    "DailyRankIC_frac_pos": 0.6781609195402298,
    "DailyRankIC_N": 87,
    "QuantileSpread_mean": 0.01655350360458173,
    "QuantileSpread_std": 0.049738803512005984,
    "QuantileSpread_sharpe": 5.283173390445098,
    "QuantileSpread_N": 87,
    "Conformal_qhat(alpha=0.1)": NaN,
    "Conformal_coverage(alpha=0.1)": NaN,
    "Conformal_avg_width(alpha=0.1)": NaN,
    "Conformal_width_over_std(alpha=0.1)": NaN
  },
  "test": {
    "MAE": 0.06394417220033992,
    "MedianAE": 0.03680287767201662,
    "RMSE": 0.155401473421284,
    "R2": -0.017485590506763016,
    "HitRate(sign)": 0.5832765280618042,
    "HitRate(sign,deadzone)": 0.5924176665815676,
    "PearsonCorr(IC)": -0.033345456907094874,
    "SpearmanCorr(RankIC)": -0.047509379786291016,
    "AUC(Sign)": 0.4790268541283098,
    "N": 8802,
    "N_deadzone": 7834,
    "DailyIC_mean": 0.025865205141038943,
    "DailyIC_std": 0.15555088750421778,
    "DailyIC_tstat": 1.7280460499303714,
    "DailyIC_frac_pos": 0.46296296296296297,
    "DailyIC_N": 108,
    "DailyRankIC_mean": -0.032453376281382645,
    "DailyRankIC_std": 0.14374934838050968,
    "DailyRankIC_tstat": -2.3462045802550646,
    "DailyRankIC_frac_pos": 0.4722222222222222,
    "DailyRankIC_N": 108,
    "QuantileSpread_mean": -0.018114566796077904,
    "QuantileSpread_std": 0.059109583255484086,
    "QuantileSpread_sharpe": -4.864859761532188,
    "QuantileSpread_N": 108,
    "Conformal_qhat(alpha=0.1)": 0.1628404250368476,
    "Conformal_coverage(alpha=0.1)": 0.9420586230402181,
    "Conformal_avg_width(alpha=0.1)": 0.3256808500736952,
    "Conformal_width_over_std(alpha=0.1)": 2.113981705130957,
    "Conformal_qhat(alpha=0.05)": 0.20029508415609598,
    "Conformal_coverage(alpha=0.05)": 0.9610315837309702,
    "Conformal_avg_width(alpha=0.05)": 0.40059016831219196,
    "Conformal_width_over_std(alpha=0.05)": 2.600215170390526
  }
}