{
  "test": {
    "MAE": 0.01316006165820634,
    "MedianAE": 0.008231977855770949,
    "RMSE": 0.04388932990873315,
    "R2": 0.00020092574337737812,
    "HitRate(sign)": 0.5191462649089768,
    "HitRate(sign,deadzone)": 0.522518273991983,
    "PearsonCorr(IC)": 0.03332653832479428,
    "SpearmanCorr(RankIC)": 0.007847883330704878,
    "AUC(Sign)": 0.5102404323911574,
    "N": 4779,
    "N_deadzone": 4241,
    "DailyIC_mean": 1.0,
    "DailyIC_std": 6.837661126762204e-17,
    "DailyIC_tstat": 1.1233586463951914e+17,
    "DailyIC_frac_pos": 1.0,
    "DailyIC_N": 59,
    "DailyRankIC_mean": 0.9999999999999999,
    "DailyRankIC_std": 0.0,
    "DailyRankIC_tstat": NaN,
    "DailyRankIC_frac_pos": 1.0,
    "DailyRankIC_N": 59,
    "QuantileSpread_mean": 0.0016646733411393895,
    "QuantileSpread_std": 6.479763512291643e-05,
    "QuantileSpread_sharpe": 407.8215200100268,
    "QuantileSpread_N": 59,
    "Conformal_qhat(alpha=0.1)": NaN,
    "Conformal_coverage(alpha=0.1)": NaN,
    "Conformal_avg_width(alpha=0.1)": NaN,
    "Conformal_width_over_std(alpha=0.1)": NaN
  },
  "best_alpha": 630957.3444801943
}