{
  "val": {
    "MAE": 0.027902816631898714,
    "MedianAE": 0.018486606422811747,
    "RMSE": 0.07821042736065262,
    "R2": 0.0001399611914825183,
    "HitRate(sign)": 0.5356807826320021,
    "HitRate(sign,deadzone)": 0.5454545454545454,
    "PearsonCorr(IC)": 0.017919474158496818,
    "SpearmanCorr(RankIC)": 0.02667945348573083,
    "AUC(Sign)": 0.5107875092373564,
    "N": 29848,
    "N_deadzone": 26048,
    "DailyIC_mean": 0.03215906071734869,
    "DailyIC_std": 0.16291255463232734,
    "DailyIC_tstat": 3.7661663053854255,
    "DailyIC_frac_pos": 0.6126373626373627,
    "DailyIC_N": 364,
    "DailyRankIC_mean": 0.02476319361386573,
    "DailyRankIC_std": 0.17031513445737087,
    "DailyRankIC_tstat": 2.7739849680190236,
    "DailyRankIC_frac_pos": 0.5686813186813187,
    "DailyRankIC_N": 364,
    "QuantileSpread_mean": 0.0066249351118617,
    "QuantileSpread_std": 0.03786623842477553,
    "QuantileSpread_sharpe": 2.777344381763186,
    "QuantileSpread_N": 364,
    "Conformal_qhat(alpha=0.1)": NaN,
    "Conformal_coverage(alpha=0.1)": NaN,
    "Conformal_avg_width(alpha=0.1)": NaN,
    "Conformal_width_over_std(alpha=0.1)": NaN
  },
  "test": {
    "MAE": 0.03133347143021181,
    "MedianAE": 0.020691494923084974,
    "RMSE": 0.06205955016952614,
    "R2": -0.00012164862378538643,
    "HitRate(sign)": 0.5505517447062332,
    "HitRate(sign,deadzone)": 0.5551404995539697,
    "PearsonCorr(IC)": 0.009804203797378163,
    "SpearmanCorr(RankIC)": 0.019219426924927507,
    "AUC(Sign)": 0.5020714480160188,
    "N": 20118,
    "N_deadzone": 17936,
    "DailyIC_mean": 0.005540737444367401,
    "DailyIC_std": 0.15852118554550226,
    "DailyIC_tstat": 0.5482110850169782,
    "DailyIC_frac_pos": 0.5365853658536586,
    "DailyIC_N": 246,
    "DailyRankIC_mean": 0.003745330751297912,
    "DailyRankIC_std": 0.14721299405321803,
    "DailyRankIC_tstat": 0.39903554610508263,
    "DailyRankIC_frac_pos": 0.5447154471544715,
    "DailyRankIC_N": 246,
    "QuantileSpread_mean": 0.002671651756913049,
    "QuantileSpread_std": 0.03091102378242525,
    "QuantileSpread_sharpe": 1.3720398628620498,
    "QuantileSpread_N": 246,
    "Conformal_qhat(alpha=0.1)": 0.056502099614590406,
    "Conformal_coverage(alpha=0.1)": 0.8599264340391689,
    "Conformal_avg_width(alpha=0.1)": 0.11300419922918081,
    "Conformal_width_over_std(alpha=0.1)": 1.8210101767432858,
    "Conformal_qhat(alpha=0.05)": 0.07458437466993928,
    "Conformal_coverage(alpha=0.05)": 0.9185306690525897,
    "Conformal_avg_width(alpha=0.05)": 0.14916874933987856,
    "Conformal_width_over_std(alpha=0.05)": 2.4037851022605428
  }
}