{
  "val": {
    "5": {
      "MAE": 0.033008474856615067,
      "MedianAE": 0.020478524267673492,
      "RMSE": 0.11470272380887048,
      "R2": -0.020460844039916992,
      "HitRate(sign)": 0.516260162601626,
      "HitRate(sign,deadzone)": 0.516260162601626,
      "PearsonCorr(IC)": -0.04549990406707757,
      "SpearmanCorr(RankIC)": 0.008969864019268912,
      "AUC(Sign)": 0.4955471232421372,
      "N": 10332,
      "N_deadzone": 10332,
      "DailyIC_mean": -0.0190570702628587,
      "DailyIC_std": 0.17647615041705314,
      "DailyIC_tstat": -1.2121472655220322,
      "DailyIC_frac_pos": 0.4523809523809524,
      "DailyIC_N": 126,
      "DailyRankIC_mean": 0.01009744715056016,
      "DailyRankIC_std": 0.13821275112751077,
      "DailyRankIC_tstat": 0.8200658928407517,
      "DailyRankIC_frac_pos": 0.5079365079365079,
      "DailyRankIC_N": 126,
      "QuantileSpread_mean": -0.018029486932348283,
      "QuantileSpread_std": 0.07420393858047433,
      "QuantileSpread_sharpe": -3.857062544248911,
      "QuantileSpread_N": 126,
      "Conformal_qhat(alpha=0.1)": NaN,
      "Conformal_coverage(alpha=0.1)": NaN,
      "Conformal_avg_width(alpha=0.1)": NaN,
      "Conformal_width_over_std(alpha=0.1)": NaN
    },
    "20": {
      "MAE": 0.06961622089147568,
      "MedianAE": 0.036891765892505646,
      "RMSE": 0.22313140897335149,
      "R2": 0.025774359703063965,
      "HitRate(sign)": 0.5697831978319783,
      "HitRate(sign,deadzone)": 0.5697831978319783,
      "PearsonCorr(IC)": 0.18631024280868697,
      "SpearmanCorr(RankIC)": 0.03132165975076771,
      "AUC(Sign)": 0.5221092867691772,
      "N": 10332,
      "N_deadzone": 10332,
      "DailyIC_mean": 0.1264838203889017,
      "DailyIC_std": 0.2462239530173039,
      "DailyIC_tstat": 5.766203268196209,
      "DailyIC_frac_pos": 0.7301587301587301,
      "DailyIC_N": 126,
      "DailyRankIC_mean": 0.03773964170687059,
      "DailyRankIC_std": 0.17651835523293494,
      "DailyRankIC_tstat": 2.399900151693132,
      "DailyRankIC_frac_pos": 0.6031746031746031,
      "DailyRankIC_N": 126,
      "QuantileSpread_mean": 0.13716502993234567,
      "QuantileSpread_std": 0.15339246658250577,
      "QuantileSpread_sharpe": 14.195138752026804,
      "QuantileSpread_N": 126,
      "Conformal_qhat(alpha=0.1)": NaN,
      "Conformal_coverage(alpha=0.1)": NaN,
      "Conformal_avg_width(alpha=0.1)": NaN,
      "Conformal_width_over_std(alpha=0.1)": NaN
    },
    "60": {
      "MAE": 0.1542111188173294,
      "MedianAE": 0.08475109934806824,
      "RMSE": 0.3806032346506324,
      "R2": 0.06344759464263916,
      "HitRate(sign)": 0.5130662020905923,
      "HitRate(sign,deadzone)": 0.5130662020905923,
      "PearsonCorr(IC)": 0.30534868880937366,
      "SpearmanCorr(RankIC)": 0.09646799627604874,
      "AUC(Sign)": 0.5434154570278436,
      "N": 10332,
      "N_deadzone": 10332,
      "DailyIC_mean": 0.2955818284951775,
      "DailyIC_std": 0.10367663949479367,
      "DailyIC_tstat": 32.00236632015839,
      "DailyIC_frac_pos": 1.0,
      "DailyIC_N": 126,
      "DailyRankIC_mean": 0.07669806856798728,
      "DailyRankIC_std": 0.1494710208319686,
      "DailyRankIC_tstat": 5.759870238619369,
      "DailyRankIC_frac_pos": 0.6428571428571429,
      "DailyRankIC_N": 126,
      "QuantileSpread_mean": 0.39048055973317886,
      "QuantileSpread_std": 0.12518266069630926,
      "QuantileSpread_sharpe": 49.51713506228834,
      "QuantileSpread_N": 126,
      "Conformal_qhat(alpha=0.1)": NaN,
      "Conformal_coverage(alpha=0.1)": NaN,
      "Conformal_avg_width(alpha=0.1)": NaN,
      "Conformal_width_over_std(alpha=0.1)": NaN
    }
  },
  "test": {
    "5": {
      "MAE": 0.03434399142861366,
      "MedianAE": 0.02362056076526642,
      "RMSE": 0.06435519784224918,
      "R2": -0.0622403621673584,
      "HitRate(sign)": 0.48528842431281455,
      "HitRate(sign,deadzone)": 0.48528842431281455,
      "PearsonCorr(IC)": -0.014733582572877386,
      "SpearmanCorr(RankIC)": -0.0178097003595028,
      "AUC(Sign)": 0.486598543827564,
      "N": 10332,
      "N_deadzone": 10332,
      "DailyIC_mean": 0.009556140781477554,
      "DailyIC_std": 0.1639540104137443,
      "DailyIC_tstat": 0.6542530674395101,
      "DailyIC_frac_pos": 0.5396825396825397,
      "DailyIC_N": 126,
      "DailyRankIC_mean": -0.013963886690565763,
      "DailyRankIC_std": 0.10498008443299739,
      "DailyRankIC_tstat": -1.4930854761459995,
      "DailyRankIC_frac_pos": 0.40476190476190477,
      "DailyRankIC_N": 126,
      "QuantileSpread_mean": -0.005806707577513797,
      "QuantileSpread_std": 0.04711152162980884,
      "QuantileSpread_sharpe": -1.9566047100191901,
      "QuantileSpread_N": 126,
      "Conformal_qhat(alpha=0.1)": NaN,
      "Conformal_coverage(alpha=0.1)": NaN,
      "Conformal_avg_width(alpha=0.1)": NaN,
      "Conformal_width_over_std(alpha=0.1)": NaN
    },
    "20": {
      "MAE": 0.06913319230079651,
      "MedianAE": 0.050853222608566284,
      "RMSE": 0.12152649097291175,
      "R2": -0.05572974681854248,
      "HitRate(sign)": 0.4745451025938831,
      "HitRate(sign,deadzone)": 0.4745451025938831,
      "PearsonCorr(IC)": 0.0021569101647638325,
      "SpearmanCorr(RankIC)": 0.045956754669543555,
      "AUC(Sign)": 0.5165889216872352,
      "N": 10332,
      "N_deadzone": 10332,
      "DailyIC_mean": 0.023360356876527974,
      "DailyIC_std": 0.16867519099494932,
      "DailyIC_tstat": 1.5545816432605117,
      "DailyIC_frac_pos": 0.49206349206349204,
      "DailyIC_N": 126,
      "DailyRankIC_mean": 0.04646520870767451,
      "DailyRankIC_std": 0.09175066843972342,
      "DailyRankIC_tstat": 5.684652581139951,
      "DailyRankIC_frac_pos": 0.746031746031746,
      "DailyRankIC_N": 126,
      "QuantileSpread_mean": 0.0027957434122938486,
      "QuantileSpread_std": 0.05520437573188613,
      "QuantileSpread_sharpe": 0.8039408145181741,
      "QuantileSpread_N": 126,
      "Conformal_qhat(alpha=0.1)": NaN,
      "Conformal_coverage(alpha=0.1)": NaN,
      "Conformal_avg_width(alpha=0.1)": NaN,
      "Conformal_width_over_std(alpha=0.1)": NaN
    },
    "60": {
      "MAE": 0.11158491671085358,
      "MedianAE": 0.08337557315826416,
      "RMSE": 0.18218024913368042,
      "R2": -0.1088334321975708,
      "HitRate(sign)": 0.5004839334107627,
      "HitRate(sign,deadzone)": 0.5004839334107627,
      "PearsonCorr(IC)": -0.02998116820794809,
      "SpearmanCorr(RankIC)": -0.01410291141462112,
      "AUC(Sign)": 0.49513689807180766,
      "N": 10332,
      "N_deadzone": 10332,
      "DailyIC_mean": -0.01188834453895924,
      "DailyIC_std": 0.14007781391617233,
      "DailyIC_tstat": -0.9526586170311783,
      "DailyIC_frac_pos": 0.38095238095238093,
      "DailyIC_N": 126,
      "DailyRankIC_mean": -0.01567607376207631,
      "DailyRankIC_std": 0.08390118945003378,
      "DailyRankIC_tstat": -2.0972705240043195,
      "DailyRankIC_frac_pos": 0.4603174603174603,
      "DailyRankIC_N": 126,
      "QuantileSpread_mean": -0.037007838243707306,
      "QuantileSpread_std": 0.07199329437698095,
      "QuantileSpread_sharpe": -8.16022137063879,
      "QuantileSpread_N": 126,
      "Conformal_qhat(alpha=0.1)": NaN,
      "Conformal_coverage(alpha=0.1)": NaN,
      "Conformal_avg_width(alpha=0.1)": NaN,
      "Conformal_width_over_std(alpha=0.1)": NaN
    }
  },
  "val_cs_summary": {
    "5": {
      "daily_ic_mean": -0.0190570702628587,
      "daily_rankic_mean": 0.01009744715056016,
      "quantile_spread_mean": -0.018029488211852136,
      "n_days": 126
    },
    "20": {
      "daily_ic_mean": 0.1264838203889017,
      "daily_rankic_mean": 0.03773964170687059,
      "quantile_spread_mean": 0.13716502888641954,
      "n_days": 126
    },
    "60": {
      "daily_ic_mean": 0.2955818284951775,
      "daily_rankic_mean": 0.07669806856798728,
      "quantile_spread_mean": 0.39048055772497126,
      "n_days": 126
    }
  },
  "test_cs_summary": {
    "5": {
      "daily_ic_mean": 0.009556140781477554,