{
  "val": {
    "MAE": 0.015839755470175135,
    "MedianAE": 0.009733343438711017,
    "RMSE": 0.025354638978955908,
    "R2": -5.334002793033754e-05,
    "HitRate(sign)": 0.5374564459930313,
    "HitRate(sign,deadzone)": 0.5384763741562199,
    "PearsonCorr(IC)": 0.02744571970956393,
    "SpearmanCorr(RankIC)": 0.0067107010251790476,
    "AUC(Sign)": 0.49189300991909857,
    "N": 5740,
    "N_deadzone": 5185,
    "DailyIC_mean": 0.030703173389865786,
    "DailyIC_std": 0.1630617332770177,
    "DailyIC_tstat": 1.5753615116678006,
    "DailyIC_frac_pos": 0.5857142857142857,
    "DailyIC_N": 70,
    "DailyRankIC_mean": 0.012162775764659189,
    "DailyRankIC_std": 0.15034075858947507,
    "DailyRankIC_tstat": 0.6768695588250258,
    "DailyRankIC_frac_pos": 0.5428571428571428,
    "DailyRankIC_N": 70,
    "QuantileSpread_mean": 0.0015970033885553546,
    "QuantileSpread_std": 0.012590704743661555,
    "QuantileSpread_sharpe": 2.0135205590483034,
    "QuantileSpread_N": 70,
    "Conformal_qhat(alpha=0.1)": NaN,
    "Conformal_coverage(alpha=0.1)": NaN,
    "Conformal_avg_width(alpha=0.1)": NaN,
    "Conformal_width_over_std(alpha=0.1)": NaN
  },
  "test": {
    "MAE": 0.011847916880372912,
    "MedianAE": 0.0077859784360043705,
    "RMSE": 0.030881111916325598,
    "R2": -0.0011486563939151484,
    "HitRate(sign)": 0.5307980262038455,
    "HitRate(sign,deadzone)": 0.5374461979913917,
    "PearsonCorr(IC)": -0.0031300043178188294,
    "SpearmanCorr(RankIC)": 0.025717859237851876,
    "AUC(Sign)": 0.5115274885501171,
    "N": 11754,
    "N_deadzone": 10455,
    "DailyIC_mean": 0.033195846776721896,
    "DailyIC_std": 0.17391132852710817,
    "DailyIC_tstat": 2.290536014498737,
    "DailyIC_frac_pos": 0.6111111111111112,
    "DailyIC_N": 144,
    "DailyRankIC_mean": 0.03450850750825396,
    "DailyRankIC_std": 0.16243842844369127,
    "DailyRankIC_tstat": 2.549286483909776,
    "DailyRankIC_frac_pos": 0.6388888888888888,
    "DailyRankIC_N": 144,
    "QuantileSpread_mean": 0.0003167652651812986,
    "QuantileSpread_std": 0.02758827155579728,
    "QuantileSpread_sharpe": 0.18226921841583063,
    "QuantileSpread_N": 144,
    "Conformal_qhat(alpha=0.1)": 0.03464717394672334,
    "Conformal_coverage(alpha=0.1)": 0.9509103283988429,
    "Conformal_avg_width(alpha=0.1)": 0.06929434789344668,
    "Conformal_width_over_std(alpha=0.1)": 2.245195521368726,
    "Conformal_qhat(alpha=0.05)": 0.05189997050911188,
    "Conformal_coverage(alpha=0.05)": 0.9839203675344563,
    "Conformal_avg_width(alpha=0.05)": 0.10379994101822376,
    "Conformal_width_over_std(alpha=0.05)": 3.3632059435903003
  }
}