{
  "val": {
    "MAE": 0.12008192983183902,
    "MedianAE": 0.0719532910734415,
    "RMSE": 0.28511225553215513,
    "R2": -0.07169418050776644,
    "HitRate(sign)": 0.6113171702551112,
    "HitRate(sign,deadzone)": 0.6271109542773605,
    "PearsonCorr(IC)": -0.09488784079463837,
    "SpearmanCorr(RankIC)": -0.04513736809471812,
    "AUC(Sign)": 0.45957769991270414,
    "N": 22108,
    "N_deadzone": 19837,
    "DailyIC_mean": -0.06021456580562023,
    "DailyIC_std": 0.16169948446038118,
    "DailyIC_tstat": -6.130241294502539,
    "DailyIC_frac_pos": 0.34686346863468637,
    "DailyIC_N": 271,
    "DailyRankIC_mean": -0.035338987467814005,
    "DailyRankIC_std": 0.15247063761765856,
    "DailyRankIC_tstat": -3.815509427008822,
    "DailyRankIC_frac_pos": 0.4317343173431734,
    "DailyRankIC_N": 271,
    "QuantileSpread_mean": -0.08367728212043803,
    "QuantileSpread_std": 0.18033414667253211,
    "QuantileSpread_sharpe": -7.365968663000587,
    "QuantileSpread_N": 271,
    "Conformal_qhat(alpha=0.1)": NaN,
    "Conformal_coverage(alpha=0.1)": NaN,
    "Conformal_avg_width(alpha=0.1)": NaN,
    "Conformal_width_over_std(alpha=0.1)": NaN
  },
  "test": {
    "MAE": 0.12262499381976318,
    "MedianAE": 0.08355385530740023,
    "RMSE": 0.20685182609776112,
    "R2": -0.11465675641011308,
    "HitRate(sign)": 0.5653443526170799,
    "HitRate(sign,deadzone)": 0.5729372529644269,
    "PearsonCorr(IC)": 0.01298903861302245,
    "SpearmanCorr(RankIC)": 0.0818459766387118,
    "AUC(Sign)": 0.5279548251931973,
    "N": 18150,
    "N_deadzone": 16192,
    "DailyIC_mean": 0.004260442034758213,
    "DailyIC_std": 0.1001644865203952,
    "DailyIC_tstat": 0.6337491343335262,
    "DailyIC_frac_pos": 0.545045045045045,
    "DailyIC_N": 222,
    "DailyRankIC_mean": 0.01598035532984572,
    "DailyRankIC_std": 0.07448067019306513,
    "DailyRankIC_tstat": 3.196828535535085,
    "DailyRankIC_frac_pos": 0.6171171171171171,
    "DailyRankIC_N": 222,
    "QuantileSpread_mean": 0.021191004776183516,
    "QuantileSpread_std": 0.07006542901199843,
    "QuantileSpread_sharpe": 4.801180507416499,
    "QuantileSpread_N": 222,
    "Conformal_qhat(alpha=0.1)": 0.2104497542604804,
    "Conformal_coverage(alpha=0.1)": 0.8490909090909091,
    "Conformal_avg_width(alpha=0.1)": 0.4208995085209608,
    "Conformal_width_over_std(alpha=0.1)": 2.148273819395059,
    "Conformal_qhat(alpha=0.05)": 0.28239886462688446,
    "Conformal_coverage(alpha=0.05)": 0.9212121212121213,
    "Conformal_avg_width(alpha=0.05)": 0.5647977292537689,
    "Conformal_width_over_std(alpha=0.05)": 2.882731270638265
  }
}