{
  "val": {
    "MAE": 0.0618644968262737,
    "MedianAE": 0.04216096084564924,
    "RMSE": 0.14556132150877057,
    "R2": -0.02665393633540014,
    "HitRate(sign)": 0.5363163209819001,
    "HitRate(sign,deadzone)": 0.5400728597449909,
    "PearsonCorr(IC)": -0.030640063894363297,
    "SpearmanCorr(RankIC)": 0.0029101122760870827,
    "AUC(Sign)": 0.5024324198382413,
    "N": 25746,
    "N_deadzone": 23058,
    "DailyIC_mean": -0.004632245437689656,
    "DailyIC_std": 0.12821384684638176,
    "DailyIC_tstat": -0.6462962272427688,
    "DailyIC_frac_pos": 0.446875,
    "DailyIC_N": 320,
    "DailyRankIC_mean": 0.02668366581332332,
    "DailyRankIC_std": 0.12516176615926553,
    "DailyRankIC_tstat": 3.8137199548017815,
    "DailyRankIC_frac_pos": 0.565625,
    "DailyRankIC_N": 320,
    "QuantileSpread_mean": -0.007199196526551077,
    "QuantileSpread_std": 0.07197604839276663,
    "QuantileSpread_sharpe": -1.587801837477509,
    "QuantileSpread_N": 320,
    "Conformal_qhat(alpha=0.1)": NaN,
    "Conformal_coverage(alpha=0.1)": NaN,
    "Conformal_avg_width(alpha=0.1)": NaN,
    "Conformal_width_over_std(alpha=0.1)": NaN
  },
  "test": {
    "MAE": 0.0678126782836401,
    "MedianAE": 0.04583911411464214,
    "RMSE": 0.12640484629319718,
    "R2": -0.018730798385144132,
    "HitRate(sign)": 0.5227443407359725,
    "HitRate(sign,deadzone)": 0.5248411497730711,
    "PearsonCorr(IC)": 0.03366051932865604,
    "SpearmanCorr(RankIC)": 0.02941772705368957,
    "AUC(Sign)": 0.5096922264377274,
    "N": 18642,
    "N_deadzone": 16525,
    "DailyIC_mean": 0.042624855914937594,
    "DailyIC_std": 0.13872473723839923,
    "DailyIC_tstat": 4.639556165559956,
    "DailyIC_frac_pos": 0.5964912280701754,
    "DailyIC_N": 228,
    "DailyRankIC_mean": 0.028143541911299925,
    "DailyRankIC_std": 0.1137695088439889,
    "DailyRankIC_tstat": 3.735255324759965,
    "DailyRankIC_frac_pos": 0.6052631578947368,
    "DailyRankIC_N": 228,
    "QuantileSpread_mean": 0.016360957312896465,
    "QuantileSpread_std": 0.06415264502993723,
    "QuantileSpread_sharpe": 4.0485025277446445,
    "QuantileSpread_N": 228,
    "Conformal_qhat(alpha=0.1)": 0.11709465645253658,
    "Conformal_coverage(alpha=0.1)": 0.8510352966419912,
    "Conformal_avg_width(alpha=0.1)": 0.23418931290507317,
    "Conformal_width_over_std(alpha=0.1)": 1.8699632241923976,
    "Conformal_qhat(alpha=0.05)": 0.1499665454030037,
    "Conformal_coverage(alpha=0.05)": 0.9125093874047849,
    "Conformal_avg_width(alpha=0.05)": 0.2999330908060074,
    "Conformal_width_over_std(alpha=0.05)": 2.3949164996821803
  }
}