{
  "val": {
    "MAE": 0.01139525065725872,
    "MedianAE": 0.007539797807112336,
    "RMSE": 0.031677737658537555,
    "R2": -0.0018494909740474075,
    "HitRate(sign)": 0.5280295888026688,
    "HitRate(sign,deadzone)": 0.5332913782252989,
    "PearsonCorr(IC)": -0.01816520774671997,
    "SpearmanCorr(RankIC)": 0.0012337482463107207,
    "AUC(Sign)": 0.49602396457809306,
    "N": 27578,
    "N_deadzone": 23835,
    "DailyIC_mean": 0.003810615074949307,
    "DailyIC_std": 0.1746549254033094,
    "DailyIC_tstat": 0.4034849095786866,
    "DailyIC_frac_pos": 0.5058479532163743,
    "DailyIC_N": 342,
    "DailyRankIC_mean": 0.00983568799640785,
    "DailyRankIC_std": 0.15665316460552176,
    "DailyRankIC_tstat": 1.1611240596365189,
    "DailyRankIC_frac_pos": 0.5175438596491229,
    "DailyRankIC_N": 342,
    "QuantileSpread_mean": -0.002051011774273658,
    "QuantileSpread_std": 0.02653488520878703,
    "QuantileSpread_sharpe": -1.2270187825790484,
    "QuantileSpread_N": 342,
    "Conformal_qhat(alpha=0.1)": NaN,
    "Conformal_coverage(alpha=0.1)": NaN,
    "Conformal_avg_width(alpha=0.1)": NaN,
    "Conformal_width_over_std(alpha=0.1)": NaN
  },
  "test": {
    "MAE": 0.013275184967863247,
    "MedianAE": 0.008504293859004974,
    "RMSE": 0.028654989830932162,
    "R2": -0.001775297686779309,
    "HitRate(sign)": 0.5276507497607147,
    "HitRate(sign,deadzone)": 0.5308903694730467,
    "PearsonCorr(IC)": 0.00022279669046991064,
    "SpearmanCorr(RankIC)": 0.002017786183878586,
    "AUC(Sign)": 0.4994562256809339,
    "N": 18806,
    "N_deadzone": 16510,
    "DailyIC_mean": 0.0013605046915234633,
    "DailyIC_std": 0.16212561470141099,
    "DailyIC_tstat": 0.12726597997324865,
    "DailyIC_frac_pos": 0.4956521739130435,
    "DailyIC_N": 230,
    "DailyRankIC_mean": 0.002425047382299956,
    "DailyRankIC_std": 0.15670033519741702,
    "DailyRankIC_tstat": 0.23470061149182458,
    "DailyRankIC_frac_pos": 0.5130434782608696,
    "DailyRankIC_N": 230,
    "QuantileSpread_mean": -0.0006301511627305482,
    "QuantileSpread_std": 0.02286422868401647,
    "QuantileSpread_sharpe": -0.43751047665003057,
    "QuantileSpread_N": 230,
    "Conformal_qhat(alpha=0.1)": 0.024022622499614954,
    "Conformal_coverage(alpha=0.1)": 0.8632351377220037,
    "Conformal_avg_width(alpha=0.1)": 0.04804524499922991,
    "Conformal_width_over_std(alpha=0.1)": 1.6781675260739835,
    "Conformal_qhat(alpha=0.05)": 0.03294285060837865,
    "Conformal_coverage(alpha=0.05)": 0.925396150164841,
    "Conformal_avg_width(alpha=0.05)": 0.0658857012167573,
    "Conformal_width_over_std(alpha=0.05)": 2.3013150253755073
  }
}