{
  "val": {
    "MAE": 0.02710205831754828,
    "MedianAE": 0.0196243142709136,
    "RMSE": 0.04069855449559167,
    "R2": -0.1543046966720607,
    "HitRate(sign)": 0.4959349593495935,
    "HitRate(sign,deadzone)": 0.4959349593495935,
    "PearsonCorr(IC)": -0.006012754898896709,
    "SpearmanCorr(RankIC)": 0.006748227786169631,
    "AUC(Sign)": 0.5030026429633419,
    "N": 31242,
    "N_deadzone": 31242,
    "DailyIC_mean": 0.017256116623585546,
    "DailyIC_std": 0.17704134912626962,
    "DailyIC_tstat": 1.9025270692223317,
    "DailyIC_frac_pos": 0.5459317585301837,
    "DailyIC_N": 381,
    "DailyRankIC_mean": 0.027452714302282733,
    "DailyRankIC_std": 0.15834564594556597,
    "DailyRankIC_tstat": 3.384088033748458,
    "DailyRankIC_frac_pos": 0.5748031496062992,
    "DailyRankIC_N": 381,
    "QuantileSpread_mean": 0.00017712883723727295,
    "QuantileSpread_std": 0.023308622183054035,
    "QuantileSpread_sharpe": 0.12063489201568692,
    "QuantileSpread_N": 381,
    "Conformal_qhat(alpha=0.1)": NaN,
    "Conformal_coverage(alpha=0.1)": NaN,
    "Conformal_avg_width(alpha=0.1)": NaN,
    "Conformal_width_over_std(alpha=0.1)": NaN
  },
  "test": {
    "MAE": 0.034892539027515705,
    "MedianAE": 0.021642017920385115,
    "RMSE": 0.0881091261716562,
    "R2": -0.10309488611441053,
    "HitRate(sign)": 0.5148130450364353,
    "HitRate(sign,deadzone)": 0.5148130450364353,
    "PearsonCorr(IC)": 0.026179690182762384,
    "SpearmanCorr(RankIC)": 0.04448028394371123,
    "AUC(Sign)": 0.5186774759496371,
    "N": 33484,
    "N_deadzone": 33484,
    "DailyIC_mean": 0.024400615595638504,
    "DailyIC_std": 0.18122692272034496,
    "DailyIC_tstat": 2.722950340921636,
    "DailyIC_frac_pos": 0.5378973105134475,
    "DailyIC_N": 409,
    "DailyRankIC_mean": 0.024219349345167902,
    "DailyRankIC_std": 0.11777029114831536,
    "DailyRankIC_tstat": 4.15899479557915,
    "DailyRankIC_frac_pos": 0.5721271393643031,
    "DailyRankIC_N": 409,
    "QuantileSpread_mean": 0.001364554343880174,
    "QuantileSpread_std": 0.05581372853253669,
    "QuantileSpread_sharpe": 0.3881057445107155,
    "QuantileSpread_N": 409,
    "Conformal_qhat(alpha=0.1)": NaN,
    "Conformal_coverage(alpha=0.1)": NaN,
    "Conformal_avg_width(alpha=0.1)": NaN,
    "Conformal_width_over_std(alpha=0.1)": NaN
  }
}