{
  "val": {
    "MAE": 0.058751559004730745,
    "MedianAE": 0.04397247172892094,
    "RMSE": 0.08415740665767316,
    "R2": -0.0014273418520340808,
    "HitRate(sign)": 0.5675470744344749,
    "HitRate(sign,deadzone)": 0.5675470744344749,
    "PearsonCorr(IC)": 0.004696168255820409,
    "SpearmanCorr(RankIC)": 0.0397827202162825,
    "AUC(Sign)": 0.518126558441178,
    "N": 31652,
    "N_deadzone": 31652,
    "DailyIC_mean": 0.05954825884056828,
    "DailyIC_std": 0.19947803049626453,
    "DailyIC_tstat": 5.864995026172163,
    "DailyIC_frac_pos": 0.6113989637305699,
    "DailyIC_N": 386,
    "DailyRankIC_mean": 0.05400322012392306,
    "DailyRankIC_std": 0.18141366730862504,
    "DailyRankIC_tstat": 5.848484004399736,
    "DailyRankIC_frac_pos": 0.6295336787564767,
    "DailyRankIC_N": 386,
    "QuantileSpread_mean": 0.013758392878252347,
    "QuantileSpread_std": 0.048331062736581235,
    "QuantileSpread_sharpe": 4.518992623130485,
    "QuantileSpread_N": 386,
    "Conformal_qhat(alpha=0.1)": NaN,
    "Conformal_coverage(alpha=0.1)": NaN,
    "Conformal_avg_width(alpha=0.1)": NaN,
    "Conformal_width_over_std(alpha=0.1)": NaN
  },
  "test": {
    "MAE": 0.0656722207575237,
    "MedianAE": 0.04068078938871622,
    "RMSE": 0.16268994896901806,
    "R2": -0.0002443304296109172,
    "HitRate(sign)": 0.5773163665284327,
    "HitRate(sign,deadzone)": 0.5773163665284327,
    "PearsonCorr(IC)": 0.06496027741551202,
    "SpearmanCorr(RankIC)": 0.049963665197190005,
    "AUC(Sign)": 0.5100637545981022,
    "N": 35206,
    "N_deadzone": 35206,
    "DailyIC_mean": 0.03525821134451912,
    "DailyIC_std": 0.24892715917293431,
    "DailyIC_tstat": 2.9371235914877625,
    "DailyIC_frac_pos": 0.5953488372093023,
    "DailyIC_N": 430,
    "DailyRankIC_mean": 0.01556654856413629,
    "DailyRankIC_std": 0.18510499455372134,
    "DailyRankIC_tstat": 1.7438471725313613,
    "DailyRankIC_frac_pos": 0.4906976744186046,
    "DailyRankIC_N": 430,
    "QuantileSpread_mean": 0.03081873272424747,
    "QuantileSpread_std": 0.12196936505081933,
    "QuantileSpread_sharpe": 4.0111073371524055,
    "QuantileSpread_N": 430,
    "Conformal_qhat(alpha=0.1)": NaN,
    "Conformal_coverage(alpha=0.1)": NaN,
    "Conformal_avg_width(alpha=0.1)": NaN,
    "Conformal_width_over_std(alpha=0.1)": NaN
  }
}