{
  "val": {
    "MAE": 0.028676823727395565,
    "MedianAE": 0.019558252301067114,
    "RMSE": 0.07147255609953053,
    "R2": -0.007290696168775979,
    "HitRate(sign)": 0.5286668624284246,
    "HitRate(sign,deadzone)": 0.5342910680824484,
    "PearsonCorr(IC)": 0.004917818914669403,
    "SpearmanCorr(RankIC)": -0.0014901853275777483,
    "AUC(Sign)": 0.49307619787415236,
    "N": 27244,
    "N_deadzone": 24015,
    "DailyIC_mean": 0.01316910429493234,
    "DailyIC_std": 0.14635394761638845,
    "DailyIC_tstat": 1.6542842924277708,
    "DailyIC_frac_pos": 0.5562130177514792,
    "DailyIC_N": 338,
    "DailyRankIC_mean": 0.0072127262711623044,
    "DailyRankIC_std": 0.13463768903867654,
    "DailyRankIC_tstat": 0.9848977655032347,
    "DailyRankIC_frac_pos": 0.5177514792899408,
    "DailyRankIC_N": 338,
    "QuantileSpread_mean": 0.0045318806935773,
    "QuantileSpread_std": 0.05104145454152994,
    "QuantileSpread_sharpe": 1.409469545214224,
    "QuantileSpread_N": 338,
    "Conformal_qhat(alpha=0.1)": NaN,
    "Conformal_coverage(alpha=0.1)": NaN,
    "Conformal_avg_width(alpha=0.1)": NaN,
    "Conformal_width_over_std(alpha=0.1)": NaN
  },
  "test": {
    "MAE": 0.031997669976927164,
    "MedianAE": 0.02141556516289711,
    "RMSE": 0.06359779401126198,
    "R2": -0.009530583973091034,
    "HitRate(sign)": 0.5189062166203803,
    "HitRate(sign,deadzone)": 0.520529087862102,
    "PearsonCorr(IC)": 0.02433010607701173,
    "SpearmanCorr(RankIC)": 0.011215128928318503,
    "AUC(Sign)": 0.498529731831271,
    "N": 18724,
    "N_deadzone": 16708,
    "DailyIC_mean": 0.04532208589854044,
    "DailyIC_std": 0.14505987711471996,
    "DailyIC_tstat": 4.728031110238679,
    "DailyIC_frac_pos": 0.6200873362445415,
    "DailyIC_N": 229,
    "DailyRankIC_mean": 0.012348097162193835,
    "DailyRankIC_std": 0.13394090505231532,
    "DailyRankIC_tstat": 1.395097466704557,
    "DailyRankIC_frac_pos": 0.537117903930131,
    "DailyRankIC_N": 229,
    "QuantileSpread_mean": 0.007997426370012684,
    "QuantileSpread_std": 0.028370894772948272,
    "QuantileSpread_sharpe": 4.474839755236542,
    "QuantileSpread_N": 229,
    "Conformal_qhat(alpha=0.1)": 0.05845716595649719,
    "Conformal_coverage(alpha=0.1)": 0.8669087801751763,
    "Conformal_avg_width(alpha=0.1)": 0.11691433191299438,
    "Conformal_width_over_std(alpha=0.1)": 1.8470788729500751,
    "Conformal_qhat(alpha=0.05)": 0.07752348482608795,
    "Conformal_coverage(alpha=0.05)": 0.9254432813501389,
    "Conformal_avg_width(alpha=0.05)": 0.1550469696521759,
    "Conformal_width_over_std(alpha=0.05)": 2.4495198943837577
  }
}