{
  "val": {
    "5": {
      "MAE": 0.02650364302098751,
      "MedianAE": 0.019042640924453735,
      "RMSE": 0.04312996261746497,
      "R2": -0.08633053302764893,
      "HitRate(sign)": 0.5927216415021294,
      "HitRate(sign,deadzone)": 0.5927216415021294,
      "PearsonCorr(IC)": 0.04804757530519908,
      "SpearmanCorr(RankIC)": 0.03139811832961929,
      "AUC(Sign)": 0.5078869105068489,
      "N": 10332,
      "N_deadzone": 10332,
      "DailyIC_mean": 0.05348170569266296,
      "DailyIC_std": 0.1710955396105815,
      "DailyIC_tstat": 3.5087452241773063,
      "DailyIC_frac_pos": 0.6349206349206349,
      "DailyIC_N": 126,
      "DailyRankIC_mean": 0.044821085127879474,
      "DailyRankIC_std": 0.14435777679983314,
      "DailyRankIC_tstat": 3.4851979845428267,
      "DailyRankIC_frac_pos": 0.6031746031746031,
      "DailyRankIC_N": 126,
      "QuantileSpread_mean": 0.009553543977542885,
      "QuantileSpread_std": 0.025563841284695174,
      "QuantileSpread_sharpe": 5.9325125412267345,
      "QuantileSpread_N": 126,
      "Conformal_qhat(alpha=0.1)": NaN,
      "Conformal_coverage(alpha=0.1)": NaN,
      "Conformal_avg_width(alpha=0.1)": NaN,
      "Conformal_width_over_std(alpha=0.1)": NaN
    },
    "20": {
      "MAE": 0.06767632812261581,
      "MedianAE": 0.05391622334718704,
      "RMSE": 0.09484805839688666,
      "R2": -0.3581589460372925,
      "HitRate(sign)": 0.3294618660472319,
      "HitRate(sign,deadzone)": 0.3294618660472319,
      "PearsonCorr(IC)": 0.058972181763679916,
      "SpearmanCorr(RankIC)": 0.024575635246506536,
      "AUC(Sign)": 0.5158965714088253,
      "N": 10332,
      "N_deadzone": 10332,
      "DailyIC_mean": 0.0640298500931002,
      "DailyIC_std": 0.12766746181644426,
      "DailyIC_tstat": 5.62972956850978,
      "DailyIC_frac_pos": 0.7063492063492064,
      "DailyIC_N": 126,
      "DailyRankIC_mean": 0.020605437178300223,
      "DailyRankIC_std": 0.09930417832680401,
      "DailyRankIC_tstat": 2.329161396577906,
      "DailyRankIC_frac_pos": 0.48412698412698413,
      "DailyRankIC_N": 126,
      "QuantileSpread_mean": 0.019065387443535857,
      "QuantileSpread_std": 0.031241901118298925,
      "QuantileSpread_sharpe": 9.68742720880282,
      "QuantileSpread_N": 126,
      "Conformal_qhat(alpha=0.1)": NaN,
      "Conformal_coverage(alpha=0.1)": NaN,
      "Conformal_avg_width(alpha=0.1)": NaN,
      "Conformal_width_over_std(alpha=0.1)": NaN
    },
    "60": {
      "MAE": 0.11359646916389465,
      "MedianAE": 0.08505484461784363,
      "RMSE": 0.17161322838205442,
      "R2": -0.14341938495635986,
      "HitRate(sign)": 0.5908826945412311,
      "HitRate(sign,deadzone)": 0.5908826945412311,
      "PearsonCorr(IC)": 0.13751587789561423,
      "SpearmanCorr(RankIC)": 0.06549952558546791,
      "AUC(Sign)": 0.5279401467416864,
      "N": 10332,
      "N_deadzone": 10332,
      "DailyIC_mean": 0.15442107009703424,
      "DailyIC_std": 0.09424739331482333,
      "DailyIC_tstat": 18.391725774485558,
      "DailyIC_frac_pos": 0.9285714285714286,
      "DailyIC_N": 126,
      "DailyRankIC_mean": 0.04294556445869384,
      "DailyRankIC_std": 0.10038637444737676,
      "DailyRankIC_tstat": 4.8020736689803,
      "DailyRankIC_frac_pos": 0.6904761904761905,
      "DailyRankIC_N": 126,
      "QuantileSpread_mean": 0.03876699642499998,
      "QuantileSpread_std": 0.06503814641606231,
      "QuantileSpread_sharpe": 9.462246752359695,
      "QuantileSpread_N": 126,
      "Conformal_qhat(alpha=0.1)": NaN,
      "Conformal_coverage(alpha=0.1)": NaN,
      "Conformal_avg_width(alpha=0.1)": NaN,
      "Conformal_width_over_std(alpha=0.1)": NaN
    }
  },
  "test": {
    "5": {
      "MAE": 0.03460968658328056,
      "MedianAE": 0.021466612815856934,
      "RMSE": 0.11671202681097123,
      "R2": -0.0565258264541626,
      "HitRate(sign)": 0.5462640340689121,
      "HitRate(sign,deadzone)": 0.5462640340689121,
      "PearsonCorr(IC)": -0.09041510709779566,
      "SpearmanCorr(RankIC)": 0.01929442504603869,
      "AUC(Sign)": 0.5133989957153884,
      "N": 10332,
      "N_deadzone": 10332,
      "DailyIC_mean": -0.030395703656277032,
      "DailyIC_std": 0.19764272353205842,
      "DailyIC_tstat": -1.7263014860233876,
      "DailyIC_frac_pos": 0.4365079365079365,
      "DailyIC_N": 126,
      "DailyRankIC_mean": 0.020558012679990766,
      "DailyRankIC_std": 0.11491506888645775,
      "DailyRankIC_tstat": 2.008118885021474,
      "DailyRankIC_frac_pos": 0.5714285714285714,
      "DailyRankIC_N": 126,
      "QuantileSpread_mean": -0.024574018512216824,
      "QuantileSpread_std": 0.10628908690025352,
      "QuantileSpread_sharpe": -3.6701834737467167,
      "QuantileSpread_N": 126,
      "Conformal_qhat(alpha=0.1)": NaN,
      "Conformal_coverage(alpha=0.1)": NaN,
      "Conformal_avg_width(alpha=0.1)": NaN,
      "Conformal_width_over_std(alpha=0.1)": NaN
    },
    "20": {
      "MAE": 0.07937458157539368,
      "MedianAE": 0.04986155405640602,
      "RMSE": 0.22454306411455782,
      "R2": 0.013408422470092773,
      "HitRate(sign)": 0.37717770034843207,
      "HitRate(sign,deadzone)": 0.37717770034843207,
      "PearsonCorr(IC)": 0.17291705440127678,
      "SpearmanCorr(RankIC)": 0.005823683980359563,
      "AUC(Sign)": 0.49826612279488464,
      "N": 10332,
      "N_deadzone": 10332,
      "DailyIC_mean": 0.08224341846387145,
      "DailyIC_std": 0.21606193528119702,
      "DailyIC_tstat": 4.272756704808594,
      "DailyIC_frac_pos": 0.6666666666666666,
      "DailyIC_N": 126,
      "DailyRankIC_mean": -0.004459443363336132,
      "DailyRankIC_std": 0.1324311844803307,
      "DailyRankIC_tstat": -0.3779859539911819,
      "DailyRankIC_frac_pos": 0.5396825396825397,
      "DailyRankIC_N": 126,
      "QuantileSpread_mean": 0.0894106686824844,
      "QuantileSpread_std": 0.17188941849350522,
      "QuantileSpread_sharpe": 8.257345773688208,
      "QuantileSpread_N": 126,
      "Conformal_qhat(alpha=0.1)": NaN,
      "Conformal_coverage(alpha=0.1)": NaN,
      "Conformal_avg_width(alpha=0.1)": NaN,
      "Conformal_width_over_std(alpha=0.1)": NaN
    },
    "60": {
      "MAE": 0.1510971188545227,
      "MedianAE": 0.0798926055431366,
      "RMSE": 0.39235493023072815,
      "R2": 0.004719853401184082,
      "HitRate(sign)": 0.5587495160665893,
      "HitRate(sign,deadzone)": 0.5587495160665893,
      "PearsonCorr(IC)": 0.07364591377265582,
      "SpearmanCorr(RankIC)": 0.09336205333894355,
      "AUC(Sign)": 0.5394251164781788,
      "N": 10332,
      "N_deadzone": 10332,
      "DailyIC_mean": 0.06700038419611466,
      "DailyIC_std": 0.15218872678954193,
      "DailyIC_tstat": 4.941742159209223,
      "DailyIC_frac_pos": 0.6031746031746031,
      "DailyIC_N": 126,
      "DailyRankIC_mean": 0.09338528458912433,
      "DailyRankIC_std": 0.14074206968118927,
      "DailyRankIC_tstat": 7.448002022928569,
      "DailyRankIC_frac_pos": 0.8015873015873016,
      "DailyRankIC_N": 126,
      "QuantileSpread_mean": 0.1999826691749077,
      "QuantileSpread_std": 0.3231199662089868,
      "QuantileSpread_sharpe": 9.824915780366764,
      "QuantileSpread_N": 126,
      "Conformal_qhat(alpha=0.1)": NaN,
      "Conformal_coverage(alpha=0.1)": NaN,
      "Conformal_avg_width(alpha=0.1)": NaN,
      "Conformal_width_over_std(alpha=0.1)": NaN
    }
  },
  "val_cs_summary": {
    "5": {
      "daily_ic_mean": 0.05348170569266296,
      "daily_rankic_mean": 0.044821085127879474,
      "quantile_spread_mean": 0.00955354415417253,
      "n_days": 126
    },
    "20": {
      "daily_ic_mean": 0.0640298500931002,
      "daily_rankic_mean": 0.020605437178300223,
      "quantile_spread_mean": 0.019065387440471728,
      "n_days": 126
    },
    "60": {
      "daily_ic_mean": 0.15442107009703424,
      "daily_rankic_mean": 0.04294556445869384,
      "quantile_spread_mean": 0.03876699658433479,
      "n_days": 126
    }
  },
  "test_cs_summary": {
    "5": {
      "daily_ic_mean": -0.030395703656277032,