{
  "test": {
    "MAE": 0.033265268385950016,
    "MedianAE": 0.019634117508569072,
    "RMSE": 0.09942700851065552,
    "R2": 0.0005383319426262023,
    "HitRate(sign)": 0.5502341421881651,
    "HitRate(sign,deadzone)": 0.5510538641686182,
    "PearsonCorr(IC)": 0.07226348187290438,
    "SpearmanCorr(RankIC)": 0.01989576452680558,
    "AUC(Sign)": 0.5154288396104658,
    "N": 4698,
    "N_deadzone": 4270,
    "DailyIC_mean": 1.0,
    "DailyIC_std": 1.0188105198175002e-16,
    "DailyIC_tstat": 7.475161433578566e+16,
    "DailyIC_frac_pos": 1.0,
    "DailyIC_N": 58,
    "DailyRankIC_mean": 0.9999999999999999,
    "DailyRankIC_std": 0.0,
    "DailyRankIC_tstat": NaN,
    "DailyRankIC_frac_pos": 1.0,
    "DailyRankIC_N": 58,
    "QuantileSpread_mean": 0.009072673226510966,
    "QuantileSpread_std": 0.00034203913002445484,
    "QuantileSpread_sharpe": 421.0752801678412,
    "QuantileSpread_N": 58,
    "Conformal_qhat(alpha=0.1)": NaN,
    "Conformal_coverage(alpha=0.1)": NaN,
    "Conformal_avg_width(alpha=0.1)": NaN,
    "Conformal_width_over_std(alpha=0.1)": NaN
  },
  "best_alpha": 398107.17055349855
}