{
  "best_epoch": {
    "mean": 12.0,
    "std": 13.564659966250536
  },
  "best_val_mean_daily_ic": {
    "mean": 0.09337019680835527,
    "std": 0.07629086722742487
  },
  "bt_sharpe": {
    "mean": -1.2690350437709956,
    "std": 3.103279179336033
  },
  "bt_max_dd": {
    "mean": -0.5526135571547331,
    "std": 0.3034472648071667
  },
  "bt_turnover": {
    "mean": 0.7622767857142857,
    "std": 0.15067117381154396
  },
  "bt_cum_ret": {
    "mean": -0.2638046708721187,
    "std": 0.5845800840280998
  },
  "val_dailyIC_h5": {
    "mean": 0.011728282956876964,
    "std": 0.03825537536010113
  },
  "val_dailyRankIC_h5": {
    "mean": 0.018024028219837493,
    "std": 0.025016385655857325
  },
  "val_qspread_h5": {
    "mean": 0.0029928425706089905,
    "std": 0.015895737191053475
  },
  "test_dailyIC_h5": {
    "mean": -0.008172243761227337,
    "std": 0.028836949343661922
  },
  "test_dailyRankIC_h5": {
    "mean": 0.008571911248029427,
    "std": 0.020521711662019534
  },
  "test_qspread_h5": {
    "mean": -0.007715480261160693,
    "std": 0.011638043842911967
  },
  "val_dailyIC_h20": {
    "mean": 0.09935050034368392,
    "std": 0.11303612969272178
  },
  "val_dailyRankIC_h20": {
    "mean": 0.03243314101745887,
    "std": 0.05045203379706608
  },
  "val_qspread_h20": {
    "mean": 0.04344195486483328,
    "std": 0.06088733543802772
  },
  "test_dailyIC_h20": {
    "mean": 0.05680472470431928,
    "std": 0.05593873766832057
  },
  "test_dailyRankIC_h20": {
    "mean": 0.03168636951870933,
    "std": 0.03218828528149767
  },
  "test_qspread_h20": {
    "mean": 0.033760502859588384,
    "std": 0.04834717757601443
  },
  "val_dailyIC_h60": {
    "mean": 0.1690318071245049,
    "std": 0.10230697644910475
  },
  "val_dailyRankIC_h60": {
    "mean": 0.07440229637312201,
    "std": 0.04760636989755133
  },
  "val_qspread_h60": {
    "mean": 0.1330278961804408,
    "std": 0.15902314784943863
  },
  "test_dailyIC_h60": {
    "mean": 0.03261347783093196,
    "std": 0.06104833281992954
  },
  "test_dailyRankIC_h60": {
    "mean": 0.013370464571836022,
    "std": 0.052788917483786016
  },
  "test_qspread_h60": {
    "mean": 0.07856342426207527,
    "std": 0.09653102893395098
  }
}