{
  "val": {
    "MAE": 0.014241337781033614,
    "MedianAE": 0.008958086662460119,
    "RMSE": 0.022648381330704424,
    "R2": -0.001019645543217429,
    "HitRate(sign)": 0.5364713927513107,
    "HitRate(sign,deadzone)": 0.5397325933400605,
    "PearsonCorr(IC)": 0.013745328643524705,
    "SpearmanCorr(RankIC)": 0.03398156586676911,
    "AUC(Sign)": 0.5114738174304446,
    "N": 8774,
    "N_deadzone": 7928,
    "DailyIC_mean": 0.02524528101133307,
    "DailyIC_std": 0.22224654526626195,
    "DailyIC_tstat": 1.1749978701208734,
    "DailyIC_frac_pos": 0.5794392523364486,
    "DailyIC_N": 107,
    "DailyRankIC_mean": 0.028907662655039714,
    "DailyRankIC_std": 0.16985552594354927,
    "DailyRankIC_tstat": 1.7604560461991041,
    "DailyRankIC_frac_pos": 0.6074766355140186,
    "DailyRankIC_N": 107,
    "QuantileSpread_mean": 0.0014106473852598782,
    "QuantileSpread_std": 0.014571145727533038,
    "QuantileSpread_sharpe": 1.5368271948370837,
    "QuantileSpread_N": 107,
    "Conformal_qhat(alpha=0.1)": NaN,
    "Conformal_coverage(alpha=0.1)": NaN,
    "Conformal_avg_width(alpha=0.1)": NaN,
    "Conformal_width_over_std(alpha=0.1)": NaN
  },
  "test": {
    "MAE": 0.012189321908906857,
    "MedianAE": 0.007790683419443667,
    "RMSE": 0.03437641518077689,
    "R2": -0.0015166653410978448,
    "HitRate(sign)": 0.5270148581719946,
    "HitRate(sign,deadzone)": 0.5324708269913749,
    "PearsonCorr(IC)": -0.001001541319040069,
    "SpearmanCorr(RankIC)": 0.03154372732104345,
    "AUC(Sign)": 0.5169851959062748,
    "N": 8884,
    "N_deadzone": 7884,
    "DailyIC_mean": 0.025518303428145154,
    "DailyIC_std": 0.23352575994534683,
    "DailyIC_tstat": 1.140854479778032,
    "DailyIC_frac_pos": 0.5779816513761468,
    "DailyIC_N": 109,
    "DailyRankIC_mean": 0.034314526006770166,
    "DailyRankIC_std": 0.21416081473504214,
    "DailyRankIC_tstat": 1.6728278217557764,
    "DailyRankIC_frac_pos": 0.6146788990825688,
    "DailyRankIC_N": 109,
    "QuantileSpread_mean": -0.0006668762815145212,
    "QuantileSpread_std": 0.03228371128193336,
    "QuantileSpread_sharpe": -0.3279156068631389,
    "QuantileSpread_N": 109,
    "Conformal_qhat(alpha=0.1)": 0.031034475192427635,
    "Conformal_coverage(alpha=0.1)": 0.9337010355695633,
    "Conformal_avg_width(alpha=0.1)": 0.06206895038485527,
    "Conformal_width_over_std(alpha=0.1)": 1.806936562107489,
    "Conformal_qhat(alpha=0.05)": 0.04454515897668898,
    "Conformal_coverage(alpha=0.05)": 0.9729851418280054,
    "Conformal_avg_width(alpha=0.05)": 0.08909031795337796,
    "Conformal_width_over_std(alpha=0.05)": 2.5935762058418645
  }
}