{
  "val": {
    "MAE": 0.056392405182123184,
    "MedianAE": 0.03861255198717117,
    "RMSE": 0.12893373023072813,
    "R2": 0.0002658963203430176,
    "HitRate(sign)": 0.5559901825433349,
    "HitRate(sign,deadzone)": 0.5559901825433349,
    "PearsonCorr(IC)": 0.030638932479345262,
    "SpearmanCorr(RankIC)": 0.061391846216309394,
    "AUC(Sign)": 0.5284154874738576,
    "N": 26076,
    "N_deadzone": 26076,
    "DailyIC_mean": 0.05513374975845078,
    "DailyIC_std": 0.11606533746155498,
    "DailyIC_tstat": 8.47088044429803,
    "DailyIC_frac_pos": 0.6352201257861635,
    "DailyIC_N": 318,
    "DailyRankIC_mean": 0.06092315895518761,
    "DailyRankIC_std": 0.09730034284037242,
    "DailyRankIC_tstat": 11.165588123061596,
    "DailyRankIC_frac_pos": 0.7484276729559748,
    "DailyRankIC_N": 318,
    "QuantileSpread_mean": 0.013367045347127805,
    "QuantileSpread_std": 0.03542070893855582,
    "QuantileSpread_sharpe": 5.990712012044529,
    "QuantileSpread_N": 318,
    "Conformal_qhat(alpha=0.1)": NaN,
    "Conformal_coverage(alpha=0.1)": NaN,
    "Conformal_avg_width(alpha=0.1)": NaN,
    "Conformal_width_over_std(alpha=0.1)": NaN
  },
  "test": {
    "MAE": 0.06458131968975067,
    "MedianAE": 0.04205399006605148,
    "RMSE": 0.13636621937644416,
    "R2": -0.002497553825378418,
    "HitRate(sign)": 0.5488393886966552,
    "HitRate(sign,deadzone)": 0.5488393886966552,
    "PearsonCorr(IC)": 0.005815317509345393,
    "SpearmanCorr(RankIC)": 0.017878232280208902,
    "AUC(Sign)": 0.5166588090319633,
    "N": 27744,
    "N_deadzone": 27744,
    "DailyIC_mean": 0.009078124933598915,
    "DailyIC_std": 0.10553973199520429,
    "DailyIC_tstat": 1.5837258933032141,
    "DailyIC_frac_pos": 0.5250737463126843,
    "DailyIC_N": 339,
    "DailyRankIC_mean": 0.016809327576072036,
    "DailyRankIC_std": 0.09463457667443337,
    "DailyRankIC_tstat": 3.270396023406759,
    "DailyRankIC_frac_pos": 0.5958702064896755,
    "DailyRankIC_N": 339,
    "QuantileSpread_mean": -0.0006027284454675199,
    "QuantileSpread_std": 0.03630080395561016,
    "QuantileSpread_sharpe": -0.26357591034539546,
    "QuantileSpread_N": 339,
    "Conformal_qhat(alpha=0.1)": NaN,
    "Conformal_coverage(alpha=0.1)": NaN,
    "Conformal_avg_width(alpha=0.1)": NaN,
    "Conformal_width_over_std(alpha=0.1)": NaN
  }
}