{
  "test": {
    "MAE": 0.13477747507779214,
    "MedianAE": 0.07233500441732195,
    "RMSE": 0.29042220369031807,
    "R2": 0.027975244858669535,
    "HitRate(sign)": 0.6473528743467394,
    "HitRate(sign,deadzone)": 0.6634904714142428,
    "PearsonCorr(IC)": 0.32793140695027523,
    "SpearmanCorr(RankIC)": 0.18577567639332648,
    "AUC(Sign)": 0.6058655075922095,
    "N": 4401,
    "N_deadzone": 3988,
    "DailyIC_mean": 1.0,
    "DailyIC_std": 7.401486830834377e-17,
    "DailyIC_tstat": 1.0019876622896901e+17,
    "DailyIC_frac_pos": 1.0,
    "DailyIC_N": 55,
    "DailyRankIC_mean": 0.9999999999999999,
    "DailyRankIC_std": 0.0,
    "DailyRankIC_tstat": NaN,
    "DailyRankIC_frac_pos": 1.0,
    "DailyRankIC_N": 55,
    "QuantileSpread_mean": 0.10879425548817188,
    "QuantileSpread_std": 0.0031596158047199597,
    "QuantileSpread_sharpe": 546.6029325416138,
    "QuantileSpread_N": 55,
    "Conformal_qhat(alpha=0.1)": NaN,
    "Conformal_coverage(alpha=0.1)": NaN,
    "Conformal_avg_width(alpha=0.1)": NaN,
    "Conformal_width_over_std(alpha=0.1)": NaN
  },
  "best_alpha": 1000000.0
}