{
  "val": {
    "MAE": 0.05656195059418678,
    "MedianAE": 0.038833972066640854,
    "RMSE": 0.1288212438102398,
    "R2": 0.002009570598602295,
    "HitRate(sign)": 0.5498926215677251,
    "HitRate(sign,deadzone)": 0.5498926215677251,
    "PearsonCorr(IC)": 0.04796441856916235,
    "SpearmanCorr(RankIC)": 0.04795076921659397,
    "AUC(Sign)": 0.5103609808823728,
    "N": 26076,
    "N_deadzone": 26076,
    "DailyIC_mean": 0.06188944245200332,
    "DailyIC_std": 0.09879715587665287,
    "DailyIC_tstat": 11.17083630307854,
    "DailyIC_frac_pos": 0.7138364779874213,
    "DailyIC_N": 318,
    "DailyRankIC_mean": 0.04753746607761053,
    "DailyRankIC_std": 0.09246727330262808,
    "DailyRankIC_tstat": 9.167724150927624,
    "DailyRankIC_frac_pos": 0.6855345911949685,
    "DailyRankIC_N": 318,
    "QuantileSpread_mean": 0.02160683643723012,
    "QuantileSpread_std": 0.06595476902058278,
    "QuantileSpread_sharpe": 5.200501799703336,
    "QuantileSpread_N": 318,
    "Conformal_qhat(alpha=0.1)": NaN,
    "Conformal_coverage(alpha=0.1)": NaN,
    "Conformal_avg_width(alpha=0.1)": NaN,
    "Conformal_width_over_std(alpha=0.1)": NaN
  },
  "test": {
    "MAE": 0.06446503102779388,
    "MedianAE": 0.04195025563240051,
    "RMSE": 0.1359028928376717,
    "R2": 0.004303097724914551,
    "HitRate(sign)": 0.5554714532871973,
    "HitRate(sign,deadzone)": 0.5554714532871973,
    "PearsonCorr(IC)": 0.06725225598964252,
    "SpearmanCorr(RankIC)": 0.036286521400676626,
    "AUC(Sign)": 0.5236299759085741,
    "N": 27744,
    "N_deadzone": 27744,
    "DailyIC_mean": 0.0583064656291815,
    "DailyIC_std": 0.11140342939089033,
    "DailyIC_tstat": 9.63647070482545,
    "DailyIC_frac_pos": 0.7492625368731564,
    "DailyIC_N": 339,
    "DailyRankIC_mean": 0.043719466168259384,
    "DailyRankIC_std": 0.10540441076849269,
    "DailyRankIC_tstat": 7.6368790892742435,
    "DailyRankIC_frac_pos": 0.6932153392330384,
    "DailyRankIC_N": 339,
    "QuantileSpread_mean": 0.032654243697217256,
    "QuantileSpread_std": 0.06834526329537753,
    "QuantileSpread_sharpe": 7.584578995651784,
    "QuantileSpread_N": 339,
    "Conformal_qhat(alpha=0.1)": NaN,
    "Conformal_coverage(alpha=0.1)": NaN,
    "Conformal_avg_width(alpha=0.1)": NaN,
    "Conformal_width_over_std(alpha=0.1)": NaN
  }
}