{
  "test": {
    "MAE": 0.07338006533870992,
    "MedianAE": 0.03707263703415715,
    "RMSE": 0.19677706960554142,
    "R2": -0.005144265476813903,
    "HitRate(sign)": 0.56476250261561,
    "HitRate(sign,deadzone)": 0.5736160188457008,
    "PearsonCorr(IC)": 0.13681092011267412,
    "SpearmanCorr(RankIC)": 0.06471453224329696,
    "AUC(Sign)": 0.5343968203491887,
    "N": 4779,
    "N_deadzone": 4245,
    "DailyIC_mean": 1.0,
    "DailyIC_std": 5.831177001690448e-17,
    "DailyIC_tstat": 1.3172547747464803e+17,
    "DailyIC_frac_pos": 1.0,
    "DailyIC_N": 59,
    "DailyRankIC_mean": 0.9999999999999999,
    "DailyRankIC_std": 0.0,
    "DailyRankIC_tstat": NaN,
    "DailyRankIC_frac_pos": 1.0,
    "DailyRankIC_N": 59,
    "QuantileSpread_mean": 0.0406259201787959,
    "QuantileSpread_std": 0.0014152995695335309,
    "QuantileSpread_sharpe": 455.6748997458441,
    "QuantileSpread_N": 59,
    "Conformal_qhat(alpha=0.1)": NaN,
    "Conformal_coverage(alpha=0.1)": NaN,
    "Conformal_avg_width(alpha=0.1)": NaN,
    "Conformal_width_over_std(alpha=0.1)": NaN
  },
  "best_alpha": 251188.64315095823
}