{
  "val": {
    "MAE": 0.033534916681376495,
    "MedianAE": 0.02294820174574852,
    "RMSE": 0.04855325052966782,
    "R2": -0.003720589936775154,
    "HitRate(sign)": 0.5670731707317073,
    "HitRate(sign,deadzone)": 0.5718390804597702,
    "PearsonCorr(IC)": 0.010824536493555303,
    "SpearmanCorr(RankIC)": -7.446977334343196e-05,
    "AUC(Sign)": 0.5110766221739229,
    "N": 8692,
    "N_deadzone": 8004,
    "DailyIC_mean": 0.041482202588232014,
    "DailyIC_std": 0.1339636814423029,
    "DailyIC_tstat": 3.188068666699585,
    "DailyIC_frac_pos": 0.5660377358490566,
    "DailyIC_N": 106,
    "DailyRankIC_mean": 0.013518922034715537,
    "DailyRankIC_std": 0.10861328630838751,
    "DailyRankIC_tstat": 1.2814806171970339,
    "DailyRankIC_frac_pos": 0.4716981132075472,
    "DailyRankIC_N": 106,
    "QuantileSpread_mean": 0.005581492797108574,
    "QuantileSpread_std": 0.019608171287319207,
    "QuantileSpread_sharpe": 4.518700393605098,
    "QuantileSpread_N": 106,
    "Conformal_qhat(alpha=0.1)": NaN,
    "Conformal_coverage(alpha=0.1)": NaN,
    "Conformal_avg_width(alpha=0.1)": NaN,
    "Conformal_width_over_std(alpha=0.1)": NaN
  },
  "test": {
    "MAE": 0.029864152924530547,
    "MedianAE": 0.01878450158983469,
    "RMSE": 0.07651667670591264,
    "R2": -0.001399835650143455,
    "HitRate(sign)": 0.547645125958379,
    "HitRate(sign,deadzone)": 0.5530054644808743,
    "PearsonCorr(IC)": 0.0026481935270698874,
    "SpearmanCorr(RankIC)": -0.03582148698964293,
    "AUC(Sign)": 0.48589992564698303,
    "N": 9130,
    "N_deadzone": 8235,
    "DailyIC_mean": -0.016377683871038586,
    "DailyIC_std": 0.13556967169013764,
    "DailyIC_tstat": -1.2784947557604502,
    "DailyIC_frac_pos": 0.42857142857142855,
    "DailyIC_N": 112,
    "DailyRankIC_mean": -0.02841034032443172,
    "DailyRankIC_std": 0.11510510208220803,
    "DailyRankIC_tstat": -2.61210645927658,
    "DailyRankIC_frac_pos": 0.4107142857142857,
    "DailyRankIC_N": 112,
    "QuantileSpread_mean": 0.0011158815526908592,
    "QuantileSpread_std": 0.03739069518940646,
    "QuantileSpread_sharpe": 0.4737561148947706,
    "QuantileSpread_N": 112,
    "Conformal_qhat(alpha=0.1)": 0.07523615751415491,
    "Conformal_coverage(alpha=0.1)": 0.9404162102957284,
    "Conformal_avg_width(alpha=0.1)": 0.15047231502830982,
    "Conformal_width_over_std(alpha=0.1)": 1.9679055982949485,
    "Conformal_qhat(alpha=0.05)": 0.10401301644742489,
    "Conformal_coverage(alpha=0.05)": 0.9733844468784227,
    "Conformal_avg_width(alpha=0.05)": 0.20802603289484978,
    "Conformal_width_over_std(alpha=0.05)": 2.720604083534198
  }
}