{
  "val": {
    "5": {
      "MAE": 0.04871240630745888,
      "MedianAE": 0.03273150324821472,
      "RMSE": 0.11397785138685218,
      "R2": -0.09142255783081055,
      "HitRate(sign)": 0.47580332946186604,
      "HitRate(sign,deadzone)": 0.47580332946186604,
      "PearsonCorr(IC)": 0.07425199390778692,
      "SpearmanCorr(RankIC)": 0.011875928082241912,
      "AUC(Sign)": 0.5110555378456864,
      "N": 10332,
      "N_deadzone": 10332,
      "DailyIC_mean": 0.05696188171187209,
      "DailyIC_std": 0.16457312955475809,
      "DailyIC_tstat": 3.885175776538686,
      "DailyIC_frac_pos": 0.6349206349206349,
      "DailyIC_N": 126,
      "DailyRankIC_mean": 0.03639291640785478,
      "DailyRankIC_std": 0.13856281109461868,
      "DailyRankIC_tstat": 2.9481898518364744,
      "DailyRankIC_frac_pos": 0.5714285714285714,
      "DailyRankIC_N": 126,
      "QuantileSpread_mean": 0.04033774994905033,
      "QuantileSpread_std": 0.10132124865538528,
      "QuantileSpread_sharpe": 6.319917464267637,
      "QuantileSpread_N": 126,
      "Conformal_qhat(alpha=0.1)": NaN,
      "Conformal_coverage(alpha=0.1)": NaN,
      "Conformal_avg_width(alpha=0.1)": NaN,
      "Conformal_width_over_std(alpha=0.1)": NaN
    },
    "20": {
      "MAE": 0.09267456829547882,
      "MedianAE": 0.06698013097047806,
      "RMSE": 0.20657523333824743,
      "R2": 0.06397855281829834,
      "HitRate(sign)": 0.47415795586527293,
      "HitRate(sign,deadzone)": 0.47415795586527293,
      "PearsonCorr(IC)": 0.38712572103317294,
      "SpearmanCorr(RankIC)": 0.07302645500629372,
      "AUC(Sign)": 0.5172525372922198,
      "N": 10332,
      "N_deadzone": 10332,
      "DailyIC_mean": 0.3701928864130546,
      "DailyIC_std": 0.2609637051590752,
      "DailyIC_tstat": 15.923305661998914,
      "DailyIC_frac_pos": 0.8571428571428571,
      "DailyIC_N": 126,
      "DailyRankIC_mean": 0.047935032461601766,
      "DailyRankIC_std": 0.16648161269546013,
      "DailyRankIC_tstat": 3.2320050014765123,
      "DailyRankIC_frac_pos": 0.5952380952380952,
      "DailyRankIC_N": 126,
      "QuantileSpread_mean": 0.1566454547767838,
      "QuantileSpread_std": 0.1422705295083463,
      "QuantileSpread_sharpe": 17.478458206919292,
      "QuantileSpread_N": 126,
      "Conformal_qhat(alpha=0.1)": NaN,
      "Conformal_coverage(alpha=0.1)": NaN,
      "Conformal_avg_width(alpha=0.1)": NaN,
      "Conformal_width_over_std(alpha=0.1)": NaN
    },
    "60": {
      "MAE": 0.1529863327741623,
      "MedianAE": 0.0964052826166153,
      "RMSE": 0.33732797379949514,
      "R2": 0.028144478797912598,
      "HitRate(sign)": 0.45228416569879987,
      "HitRate(sign,deadzone)": 0.45228416569879987,
      "PearsonCorr(IC)": 0.31584640432215344,
      "SpearmanCorr(RankIC)": 0.08814081161376541,
      "AUC(Sign)": 0.5305651859355103,
      "N": 10332,
      "N_deadzone": 10332,
      "DailyIC_mean": 0.35774684639501675,
      "DailyIC_std": 0.10850949880250936,
      "DailyIC_tstat": 37.00780517414135,
      "DailyIC_frac_pos": 1.0,
      "DailyIC_N": 126,
      "DailyRankIC_mean": 0.08174082163845971,
      "DailyRankIC_std": 0.11290405700161724,
      "DailyRankIC_tstat": 8.126709275295566,
      "DailyRankIC_frac_pos": 0.7777777777777778,
      "DailyRankIC_N": 126,
      "QuantileSpread_mean": 0.41725375909831314,
      "QuantileSpread_std": 0.2224426064423185,
      "QuantileSpread_sharpe": 29.7771105411118,
      "QuantileSpread_N": 126,
      "Conformal_qhat(alpha=0.1)": NaN,
      "Conformal_coverage(alpha=0.1)": NaN,
      "Conformal_avg_width(alpha=0.1)": NaN,
      "Conformal_width_over_std(alpha=0.1)": NaN
    }
  },
  "test": {
    "5": {
      "MAE": 0.03869134560227394,
      "MedianAE": 0.02514539659023285,
      "RMSE": 0.061449449191377625,
      "R2": -0.9186797142028809,
      "HitRate(sign)": 0.5296167247386759,
      "HitRate(sign,deadzone)": 0.5296167247386759,
      "PearsonCorr(IC)": 0.014722393751746023,
      "SpearmanCorr(RankIC)": 0.03819469317948084,
      "AUC(Sign)": 0.5310871207167177,
      "N": 10332,
      "N_deadzone": 10332,
      "DailyIC_mean": 0.03232035658728139,
      "DailyIC_std": 0.20849967391837734,
      "DailyIC_tstat": 1.740027195658509,
      "DailyIC_frac_pos": 0.5793650793650794,
      "DailyIC_N": 126,
      "DailyRankIC_mean": 0.04859180389885443,
      "DailyRankIC_std": 0.11635895275851006,
      "DailyRankIC_tstat": 4.687577818927791,
      "DailyRankIC_frac_pos": 0.6666666666666666,
      "DailyRankIC_N": 126,
      "QuantileSpread_mean": 0.003372740024508583,
      "QuantileSpread_std": 0.023310519656101612,
      "QuantileSpread_sharpe": 2.296842320129366,
      "QuantileSpread_N": 126,
      "Conformal_qhat(alpha=0.1)": NaN,
      "Conformal_coverage(alpha=0.1)": NaN,
      "Conformal_avg_width(alpha=0.1)": NaN,
      "Conformal_width_over_std(alpha=0.1)": NaN
    },
    "20": {
      "MAE": 0.06719372421503067,
      "MedianAE": 0.05198492109775543,
      "RMSE": 0.09214627952684709,
      "R2": -0.1212613582611084,
      "HitRate(sign)": 0.5469415408439798,
      "HitRate(sign,deadzone)": 0.5469415408439798,
      "PearsonCorr(IC)": 0.0692734362011784,
      "SpearmanCorr(RankIC)": 0.04003217627353548,
      "AUC(Sign)": 0.5078466804647703,
      "N": 10332,
      "N_deadzone": 10332,
      "DailyIC_mean": 0.0969675933834694,
      "DailyIC_std": 0.22700861648872991,
      "DailyIC_tstat": 4.794789523933725,
      "DailyIC_frac_pos": 0.6984126984126984,
      "DailyIC_N": 126,
      "DailyRankIC_mean": 0.035868522170191944,
      "DailyRankIC_std": 0.09877459982985266,
      "DailyRankIC_tstat": 4.076181158778087,
      "DailyRankIC_frac_pos": 0.5793650793650794,
      "DailyRankIC_N": 126,
      "QuantileSpread_mean": 0.007774590991348738,
      "QuantileSpread_std": 0.04061949067640084,
      "QuantileSpread_sharpe": 3.038388807809811,
      "QuantileSpread_N": 126,
      "Conformal_qhat(alpha=0.1)": NaN,
      "Conformal_coverage(alpha=0.1)": NaN,
      "Conformal_avg_width(alpha=0.1)": NaN,
      "Conformal_width_over_std(alpha=0.1)": NaN
    },
    "60": {
      "MAE": 0.10750211030244827,
      "MedianAE": 0.07669764012098312,
      "RMSE": 0.15532696599003162,
      "R2": -0.5187709331512451,
      "HitRate(sign)": 0.5722028648857918,
      "HitRate(sign,deadzone)": 0.5722028648857918,
      "PearsonCorr(IC)": 0.01194273473012958,
      "SpearmanCorr(RankIC)": 0.028643570248134,
      "AUC(Sign)": 0.49951325768628585,
      "N": 10332,
      "N_deadzone": 10332,
      "DailyIC_mean": 0.01977990654870295,
      "DailyIC_std": 0.21495322824110416,
      "DailyIC_tstat": 1.0329172637217492,
      "DailyIC_frac_pos": 0.5079365079365079,
      "DailyIC_N": 126,
      "DailyRankIC_mean": 0.032361383023392365,
      "DailyRankIC_std": 0.11049241920095836,
      "DailyRankIC_tstat": 3.287606752879748,
      "DailyRankIC_frac_pos": 0.5873015873015873,
      "DailyRankIC_N": 126,
      "QuantileSpread_mean": 0.015666627362074834,
      "QuantileSpread_std": 0.08223447394727244,
      "QuantileSpread_sharpe": 3.0242790810394453,
      "QuantileSpread_N": 126,
      "Conformal_qhat(alpha=0.1)": NaN,
      "Conformal_coverage(alpha=0.1)": NaN,
      "Conformal_avg_width(alpha=0.1)": NaN,
      "Conformal_width_over_std(alpha=0.1)": NaN
    }
  },
  "val_cs_summary": {
    "5": {
      "daily_ic_mean": 0.05696188171187209,
      "daily_rankic_mean": 0.03639291640785478,
      "quantile_spread_mean": 0.04033775035556559,
      "n_days": 126
    },
    "20": {
      "daily_ic_mean": 0.3701928864130546,
      "daily_rankic_mean": 0.047935032461601766,
      "quantile_spread_mean": 0.1566454563554789,
      "n_days": 126
    },
    "60": {
      "daily_ic_mean": 0.35774684639501675,
      "daily_rankic_mean": 0.08174082163845971,
      "quantile_spread_mean": 0.4172537639346884,
      "n_days": 126
    }
  },
  "test_cs_summary": {
    "5": {
      "daily_ic_mean": 0.03232035658728139,
      "daily_rankic_mean": 0.04859180389885443,