{
  "val": {
    "MAE": 0.011403869085283753,
    "MedianAE": 0.007548623718321323,
    "RMSE": 0.03166281746379972,
    "R2": -0.0009059722502899881,
    "HitRate(sign)": 0.5314381028355936,
    "HitRate(sign,deadzone)": 0.5373190685966016,
    "PearsonCorr(IC)": -0.0015027099919590829,
    "SpearmanCorr(RankIC)": 0.003960688736438578,
    "AUC(Sign)": 0.4971320984215045,
    "N": 27578,
    "N_deadzone": 23835,
    "DailyIC_mean": 0.009031562890163037,
    "DailyIC_std": 0.15480622658124574,
    "DailyIC_tstat": 1.078915764145899,
    "DailyIC_frac_pos": 0.5380116959064327,
    "DailyIC_N": 342,
    "DailyRankIC_mean": 0.00833756265695273,
    "DailyRankIC_std": 0.13078405219331257,
    "DailyRankIC_tstat": 1.178955395506059,
    "DailyRankIC_frac_pos": 0.5087719298245614,
    "DailyRankIC_N": 342,
    "QuantileSpread_mean": -4.872394735847013e-05,
    "QuantileSpread_std": 0.013930059297839173,
    "QuantileSpread_sharpe": -0.05552515384794284,
    "QuantileSpread_N": 342,
    "Conformal_qhat(alpha=0.1)": NaN,
    "Conformal_coverage(alpha=0.1)": NaN,
    "Conformal_avg_width(alpha=0.1)": NaN,
    "Conformal_width_over_std(alpha=0.1)": NaN
  },
  "test": {
    "MAE": 0.013287349305369754,
    "MedianAE": 0.008546911412850022,
    "RMSE": 0.028641520031199526,
    "R2": -0.000833713604294628,
    "HitRate(sign)": 0.5210571094331596,
    "HitRate(sign,deadzone)": 0.5244094488188976,
    "PearsonCorr(IC)": 0.013213863507209354,
    "SpearmanCorr(RankIC)": 0.008072580233391633,
    "AUC(Sign)": 0.5001487147742012,
    "N": 18806,
    "N_deadzone": 16510,
    "DailyIC_mean": 0.014365799828909852,
    "DailyIC_std": 0.14238573370338112,
    "DailyIC_tstat": 1.5301261990717785,
    "DailyIC_frac_pos": 0.5347826086956522,
    "DailyIC_N": 230,
    "DailyRankIC_mean": 0.009142799881431067,
    "DailyRankIC_std": 0.12199960550722388,
    "DailyRankIC_tstat": 1.1365399490029655,
    "DailyRankIC_frac_pos": 0.5304347826086957,
    "DailyRankIC_N": 230,
    "QuantileSpread_mean": 0.0009842401784906241,
    "QuantileSpread_std": 0.013407604756911693,
    "QuantileSpread_sharpe": 1.1653333118885136,
    "QuantileSpread_N": 230,
    "Conformal_qhat(alpha=0.1)": 0.02407605480402708,
    "Conformal_coverage(alpha=0.1)": 0.8632883122407742,
    "Conformal_avg_width(alpha=0.1)": 0.04815210960805416,
    "Conformal_width_over_std(alpha=0.1)": 1.6819001892380143,
    "Conformal_qhat(alpha=0.05)": 0.03296034596860409,
    "Conformal_coverage(alpha=0.05)": 0.9255024992023823,
    "Conformal_avg_width(alpha=0.05)": 0.06592069193720818,
    "Conformal_width_over_std(alpha=0.05)": 2.3025372127277737
  }
}