{
  "val": {
    "MAE": 0.03340680522827623,
    "MedianAE": 0.022908832877874374,
    "RMSE": 0.04835597499647008,
    "R2": -0.0024956206050481544,
    "HitRate(sign)": 0.563046479521399,
    "HitRate(sign,deadzone)": 0.5687132674753033,
    "PearsonCorr(IC)": 0.012778655684613869,
    "SpearmanCorr(RankIC)": 0.01913282332781419,
    "AUC(Sign)": 0.5016604145298866,
    "N": 8692,
    "N_deadzone": 7997,
    "DailyIC_mean": 0.04070199233970024,
    "DailyIC_std": 0.18754221575829128,
    "DailyIC_tstat": 2.2344444286129397,
    "DailyIC_frac_pos": 0.6792452830188679,
    "DailyIC_N": 106,
    "DailyRankIC_mean": 0.022477392311999956,
    "DailyRankIC_std": 0.13157105203643904,
    "DailyRankIC_tstat": 1.7588893164289967,
    "DailyRankIC_frac_pos": 0.6320754716981132,
    "DailyRankIC_N": 106,
    "QuantileSpread_mean": 0.0063952434512078256,
    "QuantileSpread_std": 0.03131615426714747,
    "QuantileSpread_sharpe": 3.2418202314249056,
    "QuantileSpread_N": 106,
    "Conformal_qhat(alpha=0.1)": NaN,
    "Conformal_coverage(alpha=0.1)": NaN,
    "Conformal_avg_width(alpha=0.1)": NaN,
    "Conformal_width_over_std(alpha=0.1)": NaN
  },
  "test": {
    "MAE": 0.029761628669092967,
    "MedianAE": 0.018840698525309563,
    "RMSE": 0.07664187849652376,
    "R2": 0.0024100169153575823,
    "HitRate(sign)": 0.5550397877984085,
    "HitRate(sign,deadzone)": 0.5609666339548577,
    "PearsonCorr(IC)": 0.06411130423350514,
    "SpearmanCorr(RankIC)": 0.029810944620292778,
    "AUC(Sign)": 0.5115624030764953,
    "N": 9048,
    "N_deadzone": 8152,
    "DailyIC_mean": 0.059289444696737706,
    "DailyIC_std": 0.14423309446577157,
    "DailyIC_tstat": 4.330858065809425,
    "DailyIC_frac_pos": 0.6756756756756757,
    "DailyIC_N": 111,
    "DailyRankIC_mean": 0.03288106229358328,
    "DailyRankIC_std": 0.09380543232594561,
    "DailyRankIC_tstat": 3.6930002747331105,
    "DailyRankIC_frac_pos": 0.6216216216216216,
    "DailyRankIC_N": 111,
    "QuantileSpread_mean": 0.023053695709020754,
    "QuantileSpread_std": 0.06384424809389534,
    "QuantileSpread_sharpe": 5.732169847844879,
    "QuantileSpread_N": 111,
    "Conformal_qhat(alpha=0.1)": 0.07498906273394823,
    "Conformal_coverage(alpha=0.1)": 0.9403183023872679,
    "Conformal_avg_width(alpha=0.1)": 0.14997812546789646,
    "Conformal_width_over_std(alpha=0.1)": 1.9545096555286607,
    "Conformal_qhat(alpha=0.05)": 0.1040685698390007,
    "Conformal_coverage(alpha=0.05)": 0.9723695844385499,
    "Conformal_avg_width(alpha=0.05)": 0.2081371396780014,
    "Conformal_width_over_std(alpha=0.05)": 2.7124358829371427
  }
}