{
  "val": {
    "MAE": 0.09410836846612024,
    "MedianAE": 0.07128169806674123,
    "RMSE": 0.1349799067800032,
    "R2": 0.04405613424033028,
    "HitRate(sign)": 0.5907978991294338,
    "HitRate(sign,deadzone)": 0.5907978991294338,
    "PearsonCorr(IC)": 0.22016253716657902,
    "SpearmanCorr(RankIC)": 0.13822525180036654,
    "AUC(Sign)": 0.5613861886688012,
    "N": 27798,
    "N_deadzone": 27798,
    "DailyIC_mean": 0.15741286830018877,
    "DailyIC_std": 0.19143247639655633,
    "DailyIC_tstat": 15.13995080955094,
    "DailyIC_frac_pos": 0.7817109144542773,
    "DailyIC_N": 339,
    "DailyRankIC_mean": 0.0929726394990736,
    "DailyRankIC_std": 0.1310934572358253,
    "DailyRankIC_tstat": 13.05791968052917,
    "DailyRankIC_frac_pos": 0.7876106194690266,
    "DailyRankIC_N": 339,
    "QuantileSpread_mean": 0.07098136367516053,
    "QuantileSpread_std": 0.08608562909322291,
    "QuantileSpread_sharpe": 13.089225552479093,
    "QuantileSpread_N": 339,
    "Conformal_qhat(alpha=0.1)": NaN,
    "Conformal_coverage(alpha=0.1)": NaN,
    "Conformal_avg_width(alpha=0.1)": NaN,
    "Conformal_width_over_std(alpha=0.1)": NaN
  },
  "test": {
    "MAE": 0.1216233273265077,
    "MedianAE": 0.07410950306802988,
    "RMSE": 0.2715833520868862,
    "R2": 0.018460423023257233,
    "HitRate(sign)": 0.5926022176022177,
    "HitRate(sign,deadzone)": 0.5926022176022177,
    "PearsonCorr(IC)": 0.14248770360909702,
    "SpearmanCorr(RankIC)": 0.10398879223649575,
    "AUC(Sign)": 0.5215440301896643,
    "N": 34632,
    "N_deadzone": 34632,
    "DailyIC_mean": 0.12196910946608917,
    "DailyIC_std": 0.17829667728770873,
    "DailyIC_tstat": 14.069439192106412,
    "DailyIC_frac_pos": 0.8132387706855791,
    "DailyIC_N": 423,
    "DailyRankIC_mean": 0.06942213583905212,
    "DailyRankIC_std": 0.17901092221512357,
    "DailyRankIC_tstat": 7.9760639023363735,
    "DailyRankIC_frac_pos": 0.640661938534279,
    "DailyRankIC_N": 423,
    "QuantileSpread_mean": 0.12207108878627626,
    "QuantileSpread_std": 0.1862526044868797,
    "QuantileSpread_sharpe": 10.404248920625118,
    "QuantileSpread_N": 423,
    "Conformal_qhat(alpha=0.1)": NaN,
    "Conformal_coverage(alpha=0.1)": NaN,
    "Conformal_avg_width(alpha=0.1)": NaN,
    "Conformal_width_over_std(alpha=0.1)": NaN
  }
}