{
  "val": {
    "MAE": 0.10266467183828354,
    "MedianAE": 0.07821249961853027,
    "RMSE": 0.1453918981009555,
    "R2": -0.13673782348632812,
    "HitRate(sign)": 0.5386029411764706,
    "HitRate(sign,deadzone)": 0.5386029411764706,
    "PearsonCorr(IC)": 0.13458476232580505,
    "SpearmanCorr(RankIC)": 0.105590385283713,
    "AUC(Sign)": 0.5299211580154312,
    "N": 22304,
    "N_deadzone": 22304,
    "DailyIC_mean": 0.13108391692298488,
    "DailyIC_std": 0.10821528985417986,
    "DailyIC_tstat": 19.9776884032356,
    "DailyIC_frac_pos": 0.8602941176470589,
    "DailyIC_N": 272,
    "DailyRankIC_mean": 0.09686924199797019,
    "DailyRankIC_std": 0.096735347614655,
    "DailyRankIC_tstat": 16.515250173997067,
    "DailyRankIC_frac_pos": 0.8345588235294118,
    "DailyRankIC_N": 272,
    "QuantileSpread_mean": 0.08066245777573545,
    "QuantileSpread_std": 0.09039527762209994,
    "QuantileSpread_sharpe": 14.165306575373725,
    "QuantileSpread_N": 272,
    "Conformal_qhat(alpha=0.1)": NaN,
    "Conformal_coverage(alpha=0.1)": NaN,
    "Conformal_avg_width(alpha=0.1)": NaN,
    "Conformal_width_over_std(alpha=0.1)": NaN
  },
  "test": {
    "MAE": 0.13804756104946136,
    "MedianAE": 0.09076705574989319,
    "RMSE": 0.2624637334611947,
    "R2": -0.08952963352203369,
    "HitRate(sign)": 0.5239248495523264,
    "HitRate(sign,deadzone)": 0.5239248495523264,
    "PearsonCorr(IC)": 0.0016741778796115067,
    "SpearmanCorr(RankIC)": 0.012342800597066616,
    "AUC(Sign)": 0.5084707390515415,
    "N": 27252,
    "N_deadzone": 27252,
    "DailyIC_mean": 0.0012074075953233021,
    "DailyIC_std": 0.0996792494822423,
    "DailyIC_tstat": 0.22104019796833782,
    "DailyIC_frac_pos": 0.43543543543543545,
    "DailyIC_N": 333,
    "DailyRankIC_mean": 0.004149180711175375,
    "DailyRankIC_std": 0.07903549242700693,
    "DailyRankIC_tstat": 0.9579929289875422,
    "DailyRankIC_frac_pos": 0.5225225225225225,
    "DailyRankIC_N": 333,
    "QuantileSpread_mean": 0.016015124140872253,
    "QuantileSpread_std": 0.11795712468451092,
    "QuantileSpread_sharpe": 2.155293415598432,
    "QuantileSpread_N": 333,
    "Conformal_qhat(alpha=0.1)": NaN,
    "Conformal_coverage(alpha=0.1)": NaN,
    "Conformal_avg_width(alpha=0.1)": NaN,
    "Conformal_width_over_std(alpha=0.1)": NaN
  }
}