{
  "test": {
    "MAE": 0.013242124202093405,
    "MedianAE": 0.008259492731061416,
    "RMSE": 0.0445796623175062,
    "R2": -0.00030828673106086946,
    "HitRate(sign)": 0.5224171539961013,
    "HitRate(sign,deadzone)": 0.52699731248473,
    "PearsonCorr(IC)": 0.029576089639332406,
    "SpearmanCorr(RankIC)": 0.01872028720913227,
    "AUC(Sign)": 0.516572541242743,
    "N": 4617,
    "N_deadzone": 4093,
    "DailyIC_mean": 1.0,
    "DailyIC_std": 5.745950043620392e-17,
    "DailyIC_tstat": 1.3139401453121182e+17,
    "DailyIC_frac_pos": 1.0,
    "DailyIC_N": 57,
    "DailyRankIC_mean": 0.9999999999999999,
    "DailyRankIC_std": 0.0,
    "DailyRankIC_tstat": NaN,
    "DailyRankIC_frac_pos": 1.0,
    "DailyRankIC_N": 57,
    "QuantileSpread_mean": 0.0025869005227032154,
    "QuantileSpread_std": 4.644665878996496e-05,
    "QuantileSpread_sharpe": 884.1491243302676,
    "QuantileSpread_N": 57,
    "Conformal_qhat(alpha=0.1)": NaN,
    "Conformal_coverage(alpha=0.1)": NaN,
    "Conformal_avg_width(alpha=0.1)": NaN,
    "Conformal_width_over_std(alpha=0.1)": NaN
  },
  "best_alpha": 1000000.0
}