{
  "test": {
    "MAE": 0.03316924977701333,
    "MedianAE": 0.019714008406794846,
    "RMSE": 0.09870994194747652,
    "R2": -0.00023225193504927688,
    "HitRate(sign)": 0.545302364511404,
    "HitRate(sign,deadzone)": 0.5454754777803362,
    "PearsonCorr(IC)": 0.05196892511588325,
    "SpearmanCorr(RankIC)": 0.01446662228318791,
    "AUC(Sign)": 0.5131406932946949,
    "N": 4779,
    "N_deadzone": 4343,
    "DailyIC_mean": 1.0,
    "DailyIC_std": 6.354377818066792e-17,
    "DailyIC_tstat": 1.2087958833718613e+17,
    "DailyIC_frac_pos": 1.0,
    "DailyIC_N": 59,
    "DailyRankIC_mean": 0.9999999999999999,
    "DailyRankIC_std": 0.0,
    "DailyRankIC_tstat": NaN,
    "DailyRankIC_frac_pos": 1.0,
    "DailyRankIC_N": 59,
    "QuantileSpread_mean": 0.00968563108568395,
    "QuantileSpread_std": 0.00030647133232998374,
    "QuantileSpread_sharpe": 501.69334172850773,
    "QuantileSpread_N": 59,
    "Conformal_qhat(alpha=0.1)": NaN,
    "Conformal_coverage(alpha=0.1)": NaN,
    "Conformal_avg_width(alpha=0.1)": NaN,
    "Conformal_width_over_std(alpha=0.1)": NaN
  },
  "best_alpha": 251188.64315095823
}