{
  "test": {
    "MAE": 0.03351677973841049,
    "MedianAE": 0.01970341646872744,
    "RMSE": 0.10037048993816981,
    "R2": -0.0038317292061949004,
    "HitRate(sign)": 0.5516569200779727,
    "HitRate(sign,deadzone)": 0.5534351145038168,
    "PearsonCorr(IC)": 0.07047854779666891,
    "SpearmanCorr(RankIC)": 0.033640326547536424,
    "AUC(Sign)": 0.5218920398040852,
    "N": 4617,
    "N_deadzone": 4192,
    "DailyIC_mean": 1.0,
    "DailyIC_std": 5.139333957141231e-17,
    "DailyIC_tstat": 1.4690297416419242e+17,
    "DailyIC_frac_pos": 1.0,
    "DailyIC_N": 57,
    "DailyRankIC_mean": 0.9999999999999999,
    "DailyRankIC_std": 0.0,
    "DailyRankIC_tstat": NaN,
    "DailyRankIC_frac_pos": 1.0,
    "DailyRankIC_N": 57,
    "QuantileSpread_mean": 0.012763171794832771,
    "QuantileSpread_std": 0.000209358313446313,
    "QuantileSpread_sharpe": 967.76224321794,
    "QuantileSpread_N": 57,
    "Conformal_qhat(alpha=0.1)": NaN,
    "Conformal_coverage(alpha=0.1)": NaN,
    "Conformal_avg_width(alpha=0.1)": NaN,
    "Conformal_width_over_std(alpha=0.1)": NaN
  },
  "best_alpha": 1000000.0
}