{
  "val": {
    "5": {
      "MAE": 0.031544603407382965,
      "MedianAE": 0.022646255791187286,
      "RMSE": 0.04470954346337432,
      "R2": -0.015703439712524414,
      "HitRate(sign)": 0.5326171118854046,
      "HitRate(sign,deadzone)": 0.5326171118854046,
      "PearsonCorr(IC)": 0.03946366329703011,
      "SpearmanCorr(RankIC)": 0.03514174561464449,
      "AUC(Sign)": 0.5148176382232243,
      "N": 10332,
      "N_deadzone": 10332,
      "DailyIC_mean": 0.005083938770008311,
      "DailyIC_std": 0.17261861808053053,
      "DailyIC_tstat": 0.3305962693520173,
      "DailyIC_frac_pos": 0.49206349206349204,
      "DailyIC_N": 126,
      "DailyRankIC_mean": 0.023964141684824088,
      "DailyRankIC_std": 0.11828512093192782,
      "DailyRankIC_tstat": 2.2741391405683538,
      "DailyRankIC_frac_pos": 0.5396825396825397,
      "DailyRankIC_N": 126,
      "QuantileSpread_mean": 0.0013267377193736296,
      "QuantileSpread_std": 0.020807127119884142,
      "QuantileSpread_sharpe": 1.0122160662296673,
      "QuantileSpread_N": 126,
      "Conformal_qhat(alpha=0.1)": NaN,
      "Conformal_coverage(alpha=0.1)": NaN,
      "Conformal_avg_width(alpha=0.1)": NaN,
      "Conformal_width_over_std(alpha=0.1)": NaN
    },
    "20": {
      "MAE": 0.06493102014064789,
      "MedianAE": 0.04953906312584877,
      "RMSE": 0.08901161990832152,
      "R2": -0.0462721586227417,
      "HitRate(sign)": 0.5374564459930313,
      "HitRate(sign,deadzone)": 0.5374564459930313,
      "PearsonCorr(IC)": 0.15289675563068553,
      "SpearmanCorr(RankIC)": 0.1387015556192401,
      "AUC(Sign)": 0.5571698683987982,
      "N": 10332,
      "N_deadzone": 10332,
      "DailyIC_mean": 0.09426166838692993,
      "DailyIC_std": 0.14704404254139716,
      "DailyIC_tstat": 7.195698548146857,
      "DailyIC_frac_pos": 0.7142857142857143,
      "DailyIC_N": 126,
      "DailyRankIC_mean": 0.11017710310716457,
      "DailyRankIC_std": 0.13104871043299002,
      "DailyRankIC_tstat": 9.437215452152175,
      "DailyRankIC_frac_pos": 0.8174603174603174,
      "DailyRankIC_N": 126,
      "QuantileSpread_mean": 0.0220513224328262,
      "QuantileSpread_std": 0.054187549325714277,
      "QuantileSpread_sharpe": 6.460042865567133,
      "QuantileSpread_N": 126,
      "Conformal_qhat(alpha=0.1)": NaN,
      "Conformal_coverage(alpha=0.1)": NaN,
      "Conformal_avg_width(alpha=0.1)": NaN,
      "Conformal_width_over_std(alpha=0.1)": NaN
    },
    "60": {
      "MAE": 0.09529656916856766,
      "MedianAE": 0.07024981081485748,
      "RMSE": 0.1319556505132083,
      "R2": -0.09611105918884277,
      "HitRate(sign)": 0.551490514905149,
      "HitRate(sign,deadzone)": 0.551490514905149,
      "PearsonCorr(IC)": 0.1886834309928306,
      "SpearmanCorr(RankIC)": 0.13507531635497264,
      "AUC(Sign)": 0.5560605375285266,
      "N": 10332,
      "N_deadzone": 10332,
      "DailyIC_mean": 0.13051539235451592,
      "DailyIC_std": 0.15831976297447753,
      "DailyIC_tstat": 9.253624551655603,
      "DailyIC_frac_pos": 0.8650793650793651,
      "DailyIC_N": 126,
      "DailyRankIC_mean": 0.1028582004755107,
      "DailyRankIC_std": 0.11477088043686118,
      "DailyRankIC_tstat": 10.059872612318044,
      "DailyRankIC_frac_pos": 0.8333333333333334,
      "DailyRankIC_N": 126,
      "QuantileSpread_mean": 0.02823165679971377,
      "QuantileSpread_std": 0.0955784159102155,
      "QuantileSpread_sharpe": 4.688963022459023,
      "QuantileSpread_N": 126,
      "Conformal_qhat(alpha=0.1)": NaN,
      "Conformal_coverage(alpha=0.1)": NaN,
      "Conformal_avg_width(alpha=0.1)": NaN,
      "Conformal_width_over_std(alpha=0.1)": NaN
    }
  },
  "test": {
    "5": {
      "MAE": 0.024456273764371872,
      "MedianAE": 0.018154118210077286,
      "RMSE": 0.03374168541930629,
      "R2": -0.050400495529174805,
      "HitRate(sign)": 0.494579945799458,
      "HitRate(sign,deadzone)": 0.494579945799458,
      "PearsonCorr(IC)": 0.023331998649241237,
      "SpearmanCorr(RankIC)": 0.028056941928735594,
      "AUC(Sign)": 0.5134122827983837,
      "N": 10332,
      "N_deadzone": 10332,
      "DailyIC_mean": 0.023820106737932487,
      "DailyIC_std": 0.13479024538958753,
      "DailyIC_tstat": 1.9836749626530572,
      "DailyIC_frac_pos": 0.5714285714285714,
      "DailyIC_N": 126,
      "DailyRankIC_mean": 0.025144228594788168,
      "DailyRankIC_std": 0.10732347149824645,
      "DailyRankIC_tstat": 2.629837276311703,
      "DailyRankIC_frac_pos": 0.5793650793650794,
      "DailyRankIC_N": 126,
      "QuantileSpread_mean": 0.004035607196523675,
      "QuantileSpread_std": 0.0150374830725737,
      "QuantileSpread_sharpe": 4.260239421563032,
      "QuantileSpread_N": 126,
      "Conformal_qhat(alpha=0.1)": NaN,
      "Conformal_coverage(alpha=0.1)": NaN,
      "Conformal_avg_width(alpha=0.1)": NaN,
      "Conformal_width_over_std(alpha=0.1)": NaN
    },
    "20": {
      "MAE": 0.05096793547272682,
      "MedianAE": 0.03954281657934189,
      "RMSE": 0.0693967445121511,
      "R2": -0.09936439990997314,
      "HitRate(sign)": 0.5021293070073558,
      "HitRate(sign,deadzone)": 0.5021293070073558,
      "PearsonCorr(IC)": 0.06320455058696002,
      "SpearmanCorr(RankIC)": 0.06317920445477901,
      "AUC(Sign)": 0.5242875067081804,
      "N": 10332,
      "N_deadzone": 10332,
      "DailyIC_mean": 0.04002834269785304,
      "DailyIC_std": 0.10692606571177633,
      "DailyIC_tstat": 4.202128166001867,
      "DailyIC_frac_pos": 0.6507936507936508,
      "DailyIC_N": 126,
      "DailyRankIC_mean": 0.04363684407816314,
      "DailyRankIC_std": 0.08841777024330873,
      "DailyRankIC_tstat": 5.539863294378362,
      "DailyRankIC_frac_pos": 0.7301587301587301,
      "DailyRankIC_N": 126,
      "QuantileSpread_mean": 0.009234380978529178,
      "QuantileSpread_std": 0.032301224126465314,
      "QuantileSpread_sharpe": 4.538256906640716,
      "QuantileSpread_N": 126,
      "Conformal_qhat(alpha=0.1)": NaN,
      "Conformal_coverage(alpha=0.1)": NaN,
      "Conformal_avg_width(alpha=0.1)": NaN,
      "Conformal_width_over_std(alpha=0.1)": NaN
    },
    "60": {
      "MAE": 0.09464824199676514,
      "MedianAE": 0.0751265436410904,
      "RMSE": 0.12604216412637867,
      "R2": -0.33222877979278564,
      "HitRate(sign)": 0.5076461478900504,
      "HitRate(sign,deadzone)": 0.5076461478900504,
      "PearsonCorr(IC)": 0.02200952998170861,
      "SpearmanCorr(RankIC)": 0.026452414176322128,
      "AUC(Sign)": 0.5096016902306023,
      "N": 10332,
      "N_deadzone": 10332,
      "DailyIC_mean": -0.0450097446922671,
      "DailyIC_std": 0.09115296319814513,
      "DailyIC_tstat": -5.542695633663966,
      "DailyIC_frac_pos": 0.35714285714285715,
      "DailyIC_N": 126,
      "DailyRankIC_mean": -0.02795706101609039,
      "DailyRankIC_std": 0.07875619173801127,
      "DailyRankIC_tstat": -3.984667423152851,
      "DailyRankIC_frac_pos": 0.3968253968253968,
      "DailyRankIC_N": 126,
      "QuantileSpread_mean": -0.01705472141740814,
      "QuantileSpread_std": 0.041095084303075374,
      "QuantileSpread_sharpe": -6.588021752261816,
      "QuantileSpread_N": 126,
      "Conformal_qhat(alpha=0.1)": NaN,
      "Conformal_coverage(alpha=0.1)": NaN,
      "Conformal_avg_width(alpha=0.1)": NaN,
      "Conformal_width_over_std(alpha=0.1)": NaN
    }
  },
  "val_cs_summary": {
    "5": {
      "daily_ic_mean": 0.005083938770008311,
      "daily_rankic_mean": 0.023964141684824088,
      "quantile_spread_mean": 0.0013267372962564835,
      "n_days": 126
    },
    "20": {
      "daily_ic_mean": 0.09426166838692993,
      "daily_rankic_mean": 0.11017710310716457,
      "quantile_spread_mean": 0.022051322510147686,
      "n_days": 126
    },
    "60": {
      "daily_ic_mean": 0.13051539235451592,
      "daily_rankic_mean": 0.1028582004755107,
      "quantile_spread_mean": 0.02823165652032566,
      "n_days": 126
    }
  },
  "test_cs_summary": {
    "5": {
      "daily_ic_mean": 0.023820106737932487,