{
  "val": {
    "MAE": 0.02848904104294908,
    "MedianAE": 0.019298432394862175,
    "RMSE": 0.0713466002564847,
    "R2": -0.0037435345502467854,
    "HitRate(sign)": 0.5228674203494348,
    "HitRate(sign,deadzone)": 0.5278367686862377,
    "PearsonCorr(IC)": 0.004865986369597335,
    "SpearmanCorr(RankIC)": 0.0046526450593686345,
    "AUC(Sign)": 0.4950249301405031,
    "N": 27244,
    "N_deadzone": 24015,
    "DailyIC_mean": 0.021170077242767888,
    "DailyIC_std": 0.15124746167981862,
    "DailyIC_tstat": 2.5733134974234195,
    "DailyIC_frac_pos": 0.5591715976331361,
    "DailyIC_N": 338,
    "DailyRankIC_mean": 0.020160162262853616,
    "DailyRankIC_std": 0.14791791956561234,
    "DailyRankIC_tstat": 2.505714484637558,
    "DailyRankIC_frac_pos": 0.5443786982248521,
    "DailyRankIC_N": 338,
    "QuantileSpread_mean": 0.0069308164902105954,
    "QuantileSpread_std": 0.04288561405319054,
    "QuantileSpread_sharpe": 2.565506016956548,
    "QuantileSpread_N": 338,
    "Conformal_qhat(alpha=0.1)": NaN,
    "Conformal_coverage(alpha=0.1)": NaN,
    "Conformal_avg_width(alpha=0.1)": NaN,
    "Conformal_width_over_std(alpha=0.1)": NaN
  },
  "test": {
    "MAE": 0.031748372201735035,
    "MedianAE": 0.020976603962481022,
    "RMSE": 0.0635669438290842,
    "R2": -0.008551410114670421,
    "HitRate(sign)": 0.5182119205298014,
    "HitRate(sign,deadzone)": 0.5205889394302131,
    "PearsonCorr(IC)": -0.00010329371087791559,
    "SpearmanCorr(RankIC)": 0.011237769327572493,
    "AUC(Sign)": 0.5012849441563176,
    "N": 18724,
    "N_deadzone": 16708,
    "DailyIC_mean": 0.015749959158252023,
    "DailyIC_std": 0.1658848004635535,
    "DailyIC_tstat": 1.4367810070923819,
    "DailyIC_frac_pos": 0.5152838427947598,
    "DailyIC_N": 229,
    "DailyRankIC_mean": 0.007332289234604089,
    "DailyRankIC_std": 0.1488163371810166,
    "DailyRankIC_tstat": 0.7456014058947599,
    "DailyRankIC_frac_pos": 0.4847161572052402,
    "DailyRankIC_N": 229,
    "QuantileSpread_mean": 0.002767692399907607,
    "QuantileSpread_std": 0.03327027716859144,
    "QuantileSpread_sharpe": 1.3205707470195516,
    "QuantileSpread_N": 229,
    "Conformal_qhat(alpha=0.1)": 0.057859718799591064,
    "Conformal_coverage(alpha=0.1)": 0.8641315958128605,
    "Conformal_avg_width(alpha=0.1)": 0.11571943759918213,
    "Conformal_width_over_std(alpha=0.1)": 1.828201255413046,
    "Conformal_qhat(alpha=0.05)": 0.07710510492324829,
    "Conformal_coverage(alpha=0.05)": 0.9249092074343089,
    "Conformal_avg_width(alpha=0.05)": 0.15421020984649658,
    "Conformal_width_over_std(alpha=0.05)": 2.436300288767277
  }
}