{
  "val": {
    "5": {
      "MAE": 0.03584199771285057,
      "MedianAE": 0.0255569014698267,
      "RMSE": 0.05096410420064603,
      "R2": -0.4103182554244995,
      "HitRate(sign)": 0.5031939605110337,
      "HitRate(sign,deadzone)": 0.5031939605110337,
      "PearsonCorr(IC)": -0.036736823230640946,
      "SpearmanCorr(RankIC)": -0.02128610001493596,
      "AUC(Sign)": 0.4782149837535198,
      "N": 10332,
      "N_deadzone": 10332,
      "DailyIC_mean": -0.033648386432725885,
      "DailyIC_std": 0.13467355681336596,
      "DailyIC_tstat": -2.8045758193683703,
      "DailyIC_frac_pos": 0.3888888888888889,
      "DailyIC_N": 126,
      "DailyRankIC_mean": -0.0066908460896047284,
      "DailyRankIC_std": 0.14398827310687942,
      "DailyRankIC_tstat": -0.5216019295478508,
      "DailyRankIC_frac_pos": 0.47619047619047616,
      "DailyRankIC_N": 126,
      "QuantileSpread_mean": -0.0010402658917305488,
      "QuantileSpread_std": 0.02062209281136709,
      "QuantileSpread_sharpe": -0.8007775560154953,
      "QuantileSpread_N": 126,
      "Conformal_qhat(alpha=0.1)": NaN,
      "Conformal_coverage(alpha=0.1)": NaN,
      "Conformal_avg_width(alpha=0.1)": NaN,
      "Conformal_width_over_std(alpha=0.1)": NaN
    },
    "20": {
      "MAE": 0.07313122600317001,
      "MedianAE": 0.05469939112663269,
      "RMSE": 0.10056011090602825,
      "R2": -0.36040008068084717,
      "HitRate(sign)": 0.5179055361982191,
      "HitRate(sign,deadzone)": 0.5179055361982191,
      "PearsonCorr(IC)": 0.04068027048164027,
      "SpearmanCorr(RankIC)": 0.05986438807794795,
      "AUC(Sign)": 0.526141078527174,
      "N": 10332,
      "N_deadzone": 10332,
      "DailyIC_mean": 0.038935260670094674,
      "DailyIC_std": 0.13623595888594128,
      "DailyIC_tstat": 3.208016595989817,
      "DailyIC_frac_pos": 0.6031746031746031,
      "DailyIC_N": 126,
      "DailyRankIC_mean": 0.026448914561900946,
      "DailyRankIC_std": 0.2065592841149365,
      "DailyRankIC_tstat": 1.4373032463787492,
      "DailyRankIC_frac_pos": 0.5317460317460317,
      "DailyRankIC_N": 126,
      "QuantileSpread_mean": 0.019831620766559525,
      "QuantileSpread_std": 0.047141705531995946,
      "QuantileSpread_sharpe": 6.6781041608325244,
      "QuantileSpread_N": 126,
      "Conformal_qhat(alpha=0.1)": NaN,
      "Conformal_coverage(alpha=0.1)": NaN,
      "Conformal_avg_width(alpha=0.1)": NaN,
      "Conformal_width_over_std(alpha=0.1)": NaN
    },
    "60": {
      "MAE": 0.1615762859582901,
      "MedianAE": 0.1256495714187622,
      "RMSE": 0.23662842043728494,
      "R2": -0.4996623992919922,
      "HitRate(sign)": 0.4178281068524971,
      "HitRate(sign,deadzone)": 0.4178281068524971,
      "PearsonCorr(IC)": 0.11645139683001828,
      "SpearmanCorr(RankIC)": 0.08097900064165178,
      "AUC(Sign)": 0.5488796451392767,
      "N": 10332,
      "N_deadzone": 10332,
      "DailyIC_mean": 0.1462674997377917,
      "DailyIC_std": 0.13327600332389455,
      "DailyIC_tstat": 12.319161526223759,
      "DailyIC_frac_pos": 0.8015873015873016,
      "DailyIC_N": 126,
      "DailyRankIC_mean": 0.11035231185390383,
      "DailyRankIC_std": 0.16585487679797709,
      "DailyRankIC_tstat": 7.4685873114002455,
      "DailyRankIC_frac_pos": 0.6587301587301587,
      "DailyRankIC_N": 126,
      "QuantileSpread_mean": 0.11449049803472701,
      "QuantileSpread_std": 0.12721135739190229,
      "QuantileSpread_sharpe": 14.28709156903151,
      "QuantileSpread_N": 126,
      "Conformal_qhat(alpha=0.1)": NaN,
      "Conformal_coverage(alpha=0.1)": NaN,
      "Conformal_avg_width(alpha=0.1)": NaN,
      "Conformal_width_over_std(alpha=0.1)": NaN
    }
  },
  "test": {
    "5": {
      "MAE": 0.04510759562253952,
      "MedianAE": 0.03190751001238823,
      "RMSE": 0.11395158649730917,
      "R2": -0.09091949462890625,
      "HitRate(sign)": 0.4651567944250871,
      "HitRate(sign,deadzone)": 0.4651567944250871,
      "PearsonCorr(IC)": -0.07594119463574586,
      "SpearmanCorr(RankIC)": 0.0023166093559634036,
      "AUC(Sign)": 0.4943175832550071,
      "N": 10332,
      "N_deadzone": 10332,
      "DailyIC_mean": -0.02903886208425203,
      "DailyIC_std": 0.16792860878544144,
      "DailyIC_tstat": -1.941065437394448,
      "DailyIC_frac_pos": 0.42857142857142855,
      "DailyIC_N": 126,
      "DailyRankIC_mean": 0.008016929400550883,
      "DailyRankIC_std": 0.11368325482466607,
      "DailyRankIC_tstat": 0.791583681090418,
      "DailyRankIC_frac_pos": 0.5476190476190477,
      "DailyRankIC_N": 126,
      "QuantileSpread_mean": -0.028702069984911573,
      "QuantileSpread_std": 0.1018621355689986,
      "QuantileSpread_sharpe": -4.473018685617999,
      "QuantileSpread_N": 126,
      "Conformal_qhat(alpha=0.1)": NaN,
      "Conformal_coverage(alpha=0.1)": NaN,
      "Conformal_avg_width(alpha=0.1)": NaN,
      "Conformal_width_over_std(alpha=0.1)": NaN
    },
    "20": {
      "MAE": 0.10151221603155136,
      "MedianAE": 0.06981324404478073,
      "RMSE": 0.22022621988148539,
      "R2": -0.06381809711456299,
      "HitRate(sign)": 0.437862950058072,
      "HitRate(sign,deadzone)": 0.437862950058072,
      "PearsonCorr(IC)": 0.19313160481602734,
      "SpearmanCorr(RankIC)": 0.07552478163778148,
      "AUC(Sign)": 0.5466690166094927,
      "N": 10332,
      "N_deadzone": 10332,
      "DailyIC_mean": 0.12007778052210134,
      "DailyIC_std": 0.2073453589121416,
      "DailyIC_tstat": 6.500602427300794,
      "DailyIC_frac_pos": 0.7063492063492064,
      "DailyIC_N": 126,
      "DailyRankIC_mean": 0.04574491483318483,
      "DailyRankIC_std": 0.12038883651168601,
      "DailyRankIC_tstat": 4.265224337714645,
      "DailyRankIC_frac_pos": 0.626984126984127,
      "DailyRankIC_N": 126,
      "QuantileSpread_mean": 0.13443938308646755,
      "QuantileSpread_std": 0.16781170571956505,
      "QuantileSpread_sharpe": 12.717581501286162,
      "QuantileSpread_N": 126,
      "Conformal_qhat(alpha=0.1)": NaN,
      "Conformal_coverage(alpha=0.1)": NaN,
      "Conformal_avg_width(alpha=0.1)": NaN,
      "Conformal_width_over_std(alpha=0.1)": NaN
    },
    "60": {
      "MAE": 0.18028557300567627,
      "MedianAE": 0.11803651601076126,
      "RMSE": 0.3673028358965351,
      "R2": -0.15224695205688477,
      "HitRate(sign)": 0.4286682152535811,
      "HitRate(sign,deadzone)": 0.4286682152535811,
      "PearsonCorr(IC)": 0.21188317506514429,
      "SpearmanCorr(RankIC)": 0.07930384229279462,
      "AUC(Sign)": 0.5431077065114116,
      "N": 10332,
      "N_deadzone": 10332,
      "DailyIC_mean": 0.1260544535915698,
      "DailyIC_std": 0.26480876830926153,
      "DailyIC_tstat": 5.3433190346532164,
      "DailyIC_frac_pos": 0.6428571428571429,
      "DailyIC_N": 126,
      "DailyRankIC_mean": 0.04181557326499862,
      "DailyRankIC_std": 0.10311876102773386,
      "DailyRankIC_tstat": 4.551825885895462,
      "DailyRankIC_frac_pos": 0.6507936507936508,
      "DailyRankIC_N": 126,
      "QuantileSpread_mean": 0.2596626389801266,
      "QuantileSpread_std": 0.31899962889428785,
      "QuantileSpread_sharpe": 12.921697179976812,
      "QuantileSpread_N": 126,
      "Conformal_qhat(alpha=0.1)": NaN,
      "Conformal_coverage(alpha=0.1)": NaN,
      "Conformal_avg_width(alpha=0.1)": NaN,
      "Conformal_width_over_std(alpha=0.1)": NaN
    }
  },
  "val_cs_summary": {
    "5": {
      "daily_ic_mean": -0.033648386432725885,
      "daily_rankic_mean": -0.0066908460896047284,
      "quantile_spread_mean": -0.0010402658805856297,
      "n_days": 126
    },
    "20": {
      "daily_ic_mean": 0.038935260670094674,
      "daily_rankic_mean": 0.026448914561900946,
      "quantile_spread_mean": 0.019831620260111732,
      "n_days": 126
    },
    "60": {
      "daily_ic_mean": 0.1462674997377917,
      "daily_rankic_mean": 0.11035231185390383,
      "quantile_spread_mean": 0.11449049904980971,
      "n_days": 126
    }
  },
  "test_cs_summary": {
    "5": {
      "daily_ic_mean": -0.02903886208425203,