{
  "val": {
    "5": {
      "MAE": 0.036808889359235764,
      "MedianAE": 0.025806080549955368,
      "RMSE": 0.06647394740656455,
      "R2": -0.13333559036254883,
      "HitRate(sign)": 0.4821912504839334,
      "HitRate(sign,deadzone)": 0.4821912504839334,
      "PearsonCorr(IC)": -0.03514360680041326,
      "SpearmanCorr(RankIC)": -0.011981678138902269,
      "AUC(Sign)": 0.4966420601742817,
      "N": 10332,
      "N_deadzone": 10332,
      "DailyIC_mean": -0.04485586834146277,
      "DailyIC_std": 0.17638756757505056,
      "DailyIC_tstat": -2.8545428698978212,
      "DailyIC_frac_pos": 0.4365079365079365,
      "DailyIC_N": 126,
      "DailyRankIC_mean": -0.017854875431523493,
      "DailyRankIC_std": 0.11964292441762167,
      "DailyRankIC_tstat": -1.6751553058439475,
      "DailyRankIC_frac_pos": 0.4365079365079365,
      "DailyRankIC_N": 126,
      "QuantileSpread_mean": -0.003432808495644066,
      "QuantileSpread_std": 0.03693305737388756,
      "QuantileSpread_sharpe": -1.4754842773030812,
      "QuantileSpread_N": 126,
      "Conformal_qhat(alpha=0.1)": NaN,
      "Conformal_coverage(alpha=0.1)": NaN,
      "Conformal_avg_width(alpha=0.1)": NaN,
      "Conformal_width_over_std(alpha=0.1)": NaN
    },
    "20": {
      "MAE": 0.07413240522146225,
      "MedianAE": 0.055414047092199326,
      "RMSE": 0.12546899105490666,
      "R2": -0.12533974647521973,
      "HitRate(sign)": 0.4565427797135114,
      "HitRate(sign,deadzone)": 0.4565427797135114,
      "PearsonCorr(IC)": -0.014308688480406647,
      "SpearmanCorr(RankIC)": -0.019116439747584337,
      "AUC(Sign)": 0.49982271677672624,
      "N": 10332,
      "N_deadzone": 10332,
      "DailyIC_mean": -0.03155805811173468,
      "DailyIC_std": 0.13725689510662067,
      "DailyIC_tstat": -2.5808417381354065,
      "DailyIC_frac_pos": 0.4523809523809524,
      "DailyIC_N": 126,
      "DailyRankIC_mean": -0.031209623628077936,
      "DailyRankIC_std": 0.12231970339267154,
      "DailyRankIC_tstat": -2.8640288248138934,
      "DailyRankIC_frac_pos": 0.42857142857142855,
      "DailyRankIC_N": 126,
      "QuantileSpread_mean": -0.00483436288962525,
      "QuantileSpread_std": 0.059474192779994696,
      "QuantileSpread_sharpe": -1.2903602072282705,
      "QuantileSpread_N": 126,
      "Conformal_qhat(alpha=0.1)": NaN,
      "Conformal_coverage(alpha=0.1)": NaN,
      "Conformal_avg_width(alpha=0.1)": NaN,
      "Conformal_width_over_std(alpha=0.1)": NaN
    },
    "60": {
      "MAE": 0.11519474536180496,
      "MedianAE": 0.08620913326740265,
      "RMSE": 0.18790669838404422,
      "R2": -0.17963671684265137,
      "HitRate(sign)": 0.4728029423151374,
      "HitRate(sign,deadzone)": 0.4728029423151374,
      "PearsonCorr(IC)": 0.02222550624195744,
      "SpearmanCorr(RankIC)": 0.03226425317445188,
      "AUC(Sign)": 0.509396519418383,
      "N": 10332,
      "N_deadzone": 10332,
      "DailyIC_mean": 0.05848874508541526,
      "DailyIC_std": 0.22567929164381823,
      "DailyIC_tstat": 2.9091483338760735,
      "DailyIC_frac_pos": 0.5079365079365079,
      "DailyIC_N": 126,
      "DailyRankIC_mean": 0.02856731697297212,
      "DailyRankIC_std": 0.1174285076244648,
      "DailyRankIC_tstat": 2.730745235579355,
      "DailyRankIC_frac_pos": 0.5714285714285714,
      "DailyRankIC_N": 126,
      "QuantileSpread_mean": 0.022975699909563576,
      "QuantileSpread_std": 0.10249033979504067,
      "QuantileSpread_sharpe": 3.558656646855757,
      "QuantileSpread_N": 126,
      "Conformal_qhat(alpha=0.1)": NaN,
      "Conformal_coverage(alpha=0.1)": NaN,
      "Conformal_avg_width(alpha=0.1)": NaN,
      "Conformal_width_over_std(alpha=0.1)": NaN
    }
  },
  "test": {
    "5": {
      "MAE": 0.03104023076593876,
      "MedianAE": 0.02249603345990181,
      "RMSE": 0.044312569051548865,
      "R2": -0.19163239002227783,
      "HitRate(sign)": 0.5776415645067133,
      "HitRate(sign,deadzone)": 0.5776415645067133,
      "PearsonCorr(IC)": -0.01636328535415955,
      "SpearmanCorr(RankIC)": 0.016547782011639003,
      "AUC(Sign)": 0.5088308883891144,
      "N": 10278,
      "N_deadzone": 10278,
      "DailyIC_mean": -0.015831363200221896,
      "DailyIC_std": 0.14768618240988315,
      "DailyIC_tstat": -1.203271750157597,
      "DailyIC_frac_pos": 0.4523809523809524,
      "DailyIC_N": 126,
      "DailyRankIC_mean": 0.00242782203976207,
      "DailyRankIC_std": 0.12001246261915431,
      "DailyRankIC_tstat": 0.22707837346048637,
      "DailyRankIC_frac_pos": 0.4444444444444444,
      "DailyRankIC_N": 126,
      "QuantileSpread_mean": -0.0008513102684879587,
      "QuantileSpread_std": 0.023099353458173665,
      "QuantileSpread_sharpe": -0.5850437146788038,
      "QuantileSpread_N": 126,
      "Conformal_qhat(alpha=0.1)": NaN,
      "Conformal_coverage(alpha=0.1)": NaN,
      "Conformal_avg_width(alpha=0.1)": NaN,
      "Conformal_width_over_std(alpha=0.1)": NaN
    },
    "20": {
      "MAE": 0.06397318840026855,
      "MedianAE": 0.04314533621072769,
      "RMSE": 0.09030012134176056,
      "R2": -0.33483898639678955,
      "HitRate(sign)": 0.6216189920217942,
      "HitRate(sign,deadzone)": 0.6216189920217942,
      "PearsonCorr(IC)": 0.09769856352500496,
      "SpearmanCorr(RankIC)": 0.0981392646508834,
      "AUC(Sign)": 0.5423853524800372,
      "N": 10278,
      "N_deadzone": 10278,
      "DailyIC_mean": 0.0869838455849594,
      "DailyIC_std": 0.0907764338164154,
      "DailyIC_tstat": 10.755999151316491,
      "DailyIC_frac_pos": 0.8333333333333334,
      "DailyIC_N": 126,
      "DailyRankIC_mean": 0.08551496421503497,
      "DailyRankIC_std": 0.08734813222984145,
      "DailyRankIC_tstat": 10.989394599518926,
      "DailyRankIC_frac_pos": 0.8333333333333334,
      "DailyRankIC_N": 126,
      "QuantileSpread_mean": 0.033641350097096866,
      "QuantileSpread_std": 0.04079070583509089,
      "QuantileSpread_sharpe": 13.0921950434318,
      "QuantileSpread_N": 126,
      "Conformal_qhat(alpha=0.1)": NaN,
      "Conformal_coverage(alpha=0.1)": NaN,
      "Conformal_avg_width(alpha=0.1)": NaN,
      "Conformal_width_over_std(alpha=0.1)": NaN
    },
    "60": {
      "MAE": 0.14447902143001556,
      "MedianAE": 0.0866936594247818,
      "RMSE": 0.23894901199807067,
      "R2": -0.3227158784866333,
      "HitRate(sign)": 0.5514691574236232,
      "HitRate(sign,deadzone)": 0.5514691574236232,
      "PearsonCorr(IC)": 0.01821310267813663,
      "SpearmanCorr(RankIC)": -0.08512280236763949,
      "AUC(Sign)": 0.48838264937106735,
      "N": 10278,
      "N_deadzone": 10278,
      "DailyIC_mean": -0.021356799906708065,
      "DailyIC_std": 0.13197547199003953,
      "DailyIC_tstat": -1.8164699907605155,
      "DailyIC_frac_pos": 0.42857142857142855,
      "DailyIC_N": 126,
      "DailyRankIC_mean": -0.08784685086413549,
      "DailyRankIC_std": 0.07790176101516612,
      "DailyRankIC_tstat": -12.657973869549519,
      "DailyRankIC_frac_pos": 0.1349206349206349,
      "DailyRankIC_N": 126,
      "QuantileSpread_mean": 0.05809446295634622,
      "QuantileSpread_std": 0.10266756337575,
      "QuantileSpread_sharpe": 8.982593711889978,
      "QuantileSpread_N": 126,
      "Conformal_qhat(alpha=0.1)": NaN,
      "Conformal_coverage(alpha=0.1)": NaN,
      "Conformal_avg_width(alpha=0.1)": NaN,
      "Conformal_width_over_std(alpha=0.1)": NaN
    }
  },
  "val_cs_summary": {
    "5": {
      "daily_ic_mean": -0.04485586834146277,
      "daily_rankic_mean": -0.017854875431523493,
      "quantile_spread_mean": -0.0034328085511412883,
      "n_days": 126
    },
    "20": {
      "daily_ic_mean": -0.03155805811173468,
      "daily_rankic_mean": -0.031209623628077936,
      "quantile_spread_mean": -0.004834362956173555,
      "n_days": 126
    },
    "60": {
      "daily_ic_mean": 0.05848874508541526,
      "daily_rankic_mean": 0.02856731697297212,
      "quantile_spread_mean": 0.02297569994849861,
      "n_days": 126
    }
  },
  "test_cs_summary": {
    "5": {
      "daily_ic_mean": -0.015831363200221896,