{
  "val": {
    "MAE": 0.11300263988722378,
    "MedianAE": 0.06988269835710526,
    "RMSE": 0.26482267520557656,
    "R2": -0.04224920514339647,
    "HitRate(sign)": 0.6147840322377535,
    "HitRate(sign,deadzone)": 0.6336860835362428,
    "PearsonCorr(IC)": -0.026809429740296372,
    "SpearmanCorr(RankIC)": 0.050185320261948385,
    "AUC(Sign)": 0.52032057818022,
    "N": 23823,
    "N_deadzone": 21356,
    "DailyIC_mean": 0.017735676580980582,
    "DailyIC_std": 0.1603271729690996,
    "DailyIC_tstat": 1.887066132404595,
    "DailyIC_frac_pos": 0.5429553264604811,
    "DailyIC_N": 291,
    "DailyRankIC_mean": 0.006862738092096347,
    "DailyRankIC_std": 0.12096635708552046,
    "DailyRankIC_tstat": 0.9677859600148738,
    "DailyRankIC_frac_pos": 0.49828178694158076,
    "DailyRankIC_N": 291,
    "QuantileSpread_mean": -0.036076865358979575,
    "QuantileSpread_std": 0.16515768587792345,
    "QuantileSpread_sharpe": -3.467610241033768,
    "QuantileSpread_N": 291,
    "Conformal_qhat(alpha=0.1)": NaN,
    "Conformal_coverage(alpha=0.1)": NaN,
    "Conformal_avg_width(alpha=0.1)": NaN,
    "Conformal_width_over_std(alpha=0.1)": NaN
  },
  "test": {
    "MAE": 0.12039108656798876,
    "MedianAE": 0.08038864098489285,
    "RMSE": 0.2110005507898992,
    "R2": -0.1661783637543981,
    "HitRate(sign)": 0.5708784346378019,
    "HitRate(sign,deadzone)": 0.5788397499561839,
    "PearsonCorr(IC)": 0.005066258657199328,
    "SpearmanCorr(RankIC)": 0.11684307275450484,
    "AUC(Sign)": 0.5499192905144268,
    "N": 19216,
    "N_deadzone": 17117,
    "DailyIC_mean": 0.042178203825934235,
    "DailyIC_std": 0.14848062020041605,
    "DailyIC_tstat": 4.3546398186712505,
    "DailyIC_frac_pos": 0.5446808510638298,
    "DailyIC_N": 235,
    "DailyRankIC_mean": 0.06592394157796005,
    "DailyRankIC_std": 0.12210103807412233,
    "DailyRankIC_tstat": 8.276710040425806,
    "DailyRankIC_frac_pos": 0.6680851063829787,
    "DailyRankIC_N": 235,
    "QuantileSpread_mean": -0.004120194474189624,
    "QuantileSpread_std": 0.16863075255320262,
    "QuantileSpread_sharpe": -0.3878655500332552,
    "QuantileSpread_N": 235,
    "Conformal_qhat(alpha=0.1)": 0.19878164678812027,
    "Conformal_coverage(alpha=0.1)": 0.8486157368859284,
    "Conformal_avg_width(alpha=0.1)": 0.39756329357624054,
    "Conformal_width_over_std(alpha=0.1)": 2.034722467769795,
    "Conformal_qhat(alpha=0.05)": 0.2703480012714863,
    "Conformal_coverage(alpha=0.05)": 0.9217318900915903,
    "Conformal_avg_width(alpha=0.05)": 0.5406960025429726,
    "Conformal_width_over_std(alpha=0.05)": 2.767273343348842
  }
}