{
  "val": {
    "MAE": 0.10933643306318756,
    "MedianAE": 0.06935635954141617,
    "RMSE": 0.25520857697466,
    "R2": -0.01659458635162281,
    "HitRate(sign)": 0.623933020216459,
    "HitRate(sign,deadzone)": 0.6415187376725838,
    "PearsonCorr(IC)": 0.04208998522864388,
    "SpearmanCorr(RankIC)": 0.07487858915870371,
    "AUC(Sign)": 0.5231981445415881,
    "N": 24485,
    "N_deadzone": 22308,
    "DailyIC_mean": 0.038876586700225375,
    "DailyIC_std": 0.16983251347038,
    "DailyIC_tstat": 3.964860556656059,
    "DailyIC_frac_pos": 0.62,
    "DailyIC_N": 300,
    "DailyRankIC_mean": 0.015367138299629003,
    "DailyRankIC_std": 0.13277122586335413,
    "DailyRankIC_tstat": 2.004701254267883,
    "DailyRankIC_frac_pos": 0.6266666666666667,
    "DailyRankIC_N": 300,
    "QuantileSpread_mean": 0.019186060511665347,
    "QuantileSpread_std": 0.12012250528997727,
    "QuantileSpread_sharpe": 2.535488814374832,
    "QuantileSpread_N": 300,
    "Conformal_qhat(alpha=0.1)": NaN,
    "Conformal_coverage(alpha=0.1)": NaN,
    "Conformal_avg_width(alpha=0.1)": NaN,
    "Conformal_width_over_std(alpha=0.1)": NaN
  },
  "test": {
    "MAE": 0.123854888515114,
    "MedianAE": 0.08456284180283546,
    "RMSE": 0.21173392829457427,
    "R2": -0.1582205343949521,
    "HitRate(sign)": 0.570123807590826,
    "HitRate(sign,deadzone)": 0.5777157218654008,
    "PearsonCorr(IC)": 0.012785351608080177,
    "SpearmanCorr(RankIC)": 0.07496196108436654,
    "AUC(Sign)": 0.527475454223359,
    "N": 19708,
    "N_deadzone": 17905,
    "DailyIC_mean": 0.03694235001350008,
    "DailyIC_std": 0.181031090893437,
    "DailyIC_tstat": 3.1679613290158355,
    "DailyIC_frac_pos": 0.5020746887966805,
    "DailyIC_N": 241,
    "DailyRankIC_mean": 0.036452373117493386,
    "DailyRankIC_std": 0.09936779171665804,
    "DailyRankIC_tstat": 5.69493392771406,
    "DailyRankIC_frac_pos": 0.6099585062240664,
    "DailyRankIC_N": 241,
    "QuantileSpread_mean": 0.023390877795417528,
    "QuantileSpread_std": 0.1280274969241397,
    "QuantileSpread_sharpe": 2.9003040947139915,
    "QuantileSpread_N": 241,
    "Conformal_qhat(alpha=0.1)": 0.19419237785041332,
    "Conformal_coverage(alpha=0.1)": 0.8326060483052568,
    "Conformal_avg_width(alpha=0.1)": 0.38838475570082664,
    "Conformal_width_over_std(alpha=0.1)": 1.9740918268229732,
    "Conformal_qhat(alpha=0.05)": 0.2580002397298813,
    "Conformal_coverage(alpha=0.05)": 0.9050639334280495,
    "Conformal_avg_width(alpha=0.05)": 0.5160004794597626,
    "Conformal_width_over_std(alpha=0.05)": 2.6227402445293366
  }
}