{
  "val": {
    "MAE": 0.06252469674317425,
    "MedianAE": 0.04250363074243069,
    "RMSE": 0.14597194608233752,
    "R2": -0.03245443262536396,
    "HitRate(sign)": 0.530373650275771,
    "HitRate(sign,deadzone)": 0.5330470986208691,
    "PearsonCorr(IC)": -0.020090674709741248,
    "SpearmanCorr(RankIC)": 0.007869297385803635,
    "AUC(Sign)": 0.5008987422063322,
    "N": 25746,
    "N_deadzone": 23058,
    "DailyIC_mean": 0.008353769537189262,
    "DailyIC_std": 0.1405222685197054,
    "DailyIC_tstat": 1.0634383717426374,
    "DailyIC_frac_pos": 0.515625,
    "DailyIC_N": 320,
    "DailyRankIC_mean": 0.03538783099474936,
    "DailyRankIC_std": 0.14090679287960645,
    "DailyRankIC_tstat": 4.492592248445735,
    "DailyRankIC_frac_pos": 0.6,
    "DailyRankIC_N": 320,
    "QuantileSpread_mean": -0.005258966825282129,
    "QuantileSpread_std": 0.07752191740744924,
    "QuantileSpread_sharpe": -1.0769020301475436,
    "QuantileSpread_N": 320,
    "Conformal_qhat(alpha=0.1)": NaN,
    "Conformal_coverage(alpha=0.1)": NaN,
    "Conformal_avg_width(alpha=0.1)": NaN,
    "Conformal_width_over_std(alpha=0.1)": NaN
  },
  "test": {
    "MAE": 0.06856356407682222,
    "MedianAE": 0.045752113685011864,
    "RMSE": 0.1280218259625323,
    "R2": -0.044960852305160115,
    "HitRate(sign)": 0.5156099130994528,
    "HitRate(sign,deadzone)": 0.5181845688350983,
    "PearsonCorr(IC)": -0.010379917579530913,
    "SpearmanCorr(RankIC)": 0.030617395496659476,
    "AUC(Sign)": 0.5127431324921151,
    "N": 18642,
    "N_deadzone": 16525,
    "DailyIC_mean": 0.010807475521254054,
    "DailyIC_std": 0.1238966453866887,
    "DailyIC_tstat": 1.317140598828126,
    "DailyIC_frac_pos": 0.5614035087719298,
    "DailyIC_N": 228,
    "DailyRankIC_mean": 0.028391691432566507,
    "DailyRankIC_std": 0.11218181821783473,
    "DailyRankIC_tstat": 3.821520689510348,
    "DailyRankIC_frac_pos": 0.5833333333333334,
    "DailyRankIC_N": 228,
    "QuantileSpread_mean": -0.015957986854559857,
    "QuantileSpread_std": 0.09323079604101815,
    "QuantileSpread_sharpe": -2.717183576797581,
    "QuantileSpread_N": 228,
    "Conformal_qhat(alpha=0.1)": 0.11816443130373955,
    "Conformal_coverage(alpha=0.1)": 0.8506598004505954,
    "Conformal_avg_width(alpha=0.1)": 0.2363288626074791,
    "Conformal_width_over_std(alpha=0.1)": 1.8870471773847988,
    "Conformal_qhat(alpha=0.05)": 0.1506526879966259,
    "Conformal_coverage(alpha=0.05)": 0.911221971891428,
    "Conformal_avg_width(alpha=0.05)": 0.3013053759932518,
    "Conformal_width_over_std(alpha=0.05)": 2.4058739716582442
  }
}