{
  "test": {
    "MAE": 0.07359130865992237,
    "MedianAE": 0.037018427513710164,
    "RMSE": 0.1981727187008966,
    "R2": -0.005091764002977284,
    "HitRate(sign)": 0.5617283950617284,
    "HitRate(sign,deadzone)": 0.5701964542405367,
    "PearsonCorr(IC)": 0.1798551229555579,
    "SpearmanCorr(RankIC)": 0.06900454303607288,
    "AUC(Sign)": 0.5256401053106552,
    "N": 4698,
    "N_deadzone": 4174,
    "DailyIC_mean": 1.0,
    "DailyIC_std": 1.0188105198175002e-16,
    "DailyIC_tstat": 7.475161433578566e+16,
    "DailyIC_frac_pos": 1.0,
    "DailyIC_N": 58,
    "DailyRankIC_mean": 0.9999999999999999,
    "DailyRankIC_std": 0.0,
    "DailyRankIC_tstat": NaN,
    "DailyRankIC_frac_pos": 1.0,
    "DailyRankIC_N": 58,
    "QuantileSpread_mean": 0.03404132817565304,
    "QuantileSpread_std": 0.0006294496137311425,
    "QuantileSpread_sharpe": 858.5108642826194,
    "QuantileSpread_N": 58,
    "Conformal_qhat(alpha=0.1)": NaN,
    "Conformal_coverage(alpha=0.1)": NaN,
    "Conformal_avg_width(alpha=0.1)": NaN,
    "Conformal_width_over_std(alpha=0.1)": NaN
  },
  "best_alpha": 630957.3444801943
}