{
  "val": {
    "MAE": 0.06957953427562558,
    "MedianAE": 0.05112195387482643,
    "RMSE": 0.09537836454399773,
    "R2": 0.0002654991397443851,
    "HitRate(sign)": 0.5840108401084011,
    "HitRate(sign,deadzone)": 0.5916530278232406,
    "PearsonCorr(IC)": 0.10222482298550936,
    "SpearmanCorr(RankIC)": 0.13384088186809384,
    "AUC(Sign)": 0.5448728975662113,
    "N": 6642,
    "N_deadzone": 6110,
    "DailyIC_mean": 0.1383315780083961,
    "DailyIC_std": 0.17239444677136928,
    "DailyIC_tstat": 7.221718711894889,
    "DailyIC_frac_pos": 0.7530864197530864,
    "DailyIC_N": 81,
    "DailyRankIC_mean": 0.1561446696821076,
    "DailyRankIC_std": 0.1680503810915541,
    "DailyRankIC_tstat": 8.36238524429979,
    "DailyRankIC_frac_pos": 0.7654320987654321,
    "DailyRankIC_N": 81,
    "QuantileSpread_mean": 0.05204687627934214,
    "QuantileSpread_std": 0.04629760400200274,
    "QuantileSpread_sharpe": 17.845816532569927,
    "QuantileSpread_N": 81,
    "Conformal_qhat(alpha=0.1)": NaN,
    "Conformal_coverage(alpha=0.1)": NaN,
    "Conformal_avg_width(alpha=0.1)": NaN,
    "Conformal_width_over_std(alpha=0.1)": NaN
  },
  "test": {
    "MAE": 0.06491386504698833,
    "MedianAE": 0.03667358122766018,
    "RMSE": 0.15995526288725628,
    "R2": -0.025402581277309322,
    "HitRate(sign)": 0.5697954271961492,
    "HitRate(sign,deadzone)": 0.5776725304465494,
    "PearsonCorr(IC)": -0.09976305654324043,
    "SpearmanCorr(RankIC)": 0.023259751891491067,
    "AUC(Sign)": 0.5141714482189875,
    "N": 8310,
    "N_deadzone": 7390,
    "DailyIC_mean": -0.01993999580523176,
    "DailyIC_std": 0.1765710561648495,
    "DailyIC_tstat": -1.1405271649836082,
    "DailyIC_frac_pos": 0.5098039215686274,
    "DailyIC_N": 102,
    "DailyRankIC_mean": 0.024544940896378507,
    "DailyRankIC_std": 0.14383915297998037,
    "DailyRankIC_tstat": 1.7233955196418724,
    "DailyRankIC_frac_pos": 0.5882352941176471,
    "DailyRankIC_N": 102,
    "QuantileSpread_mean": -0.06731149640114528,
    "QuantileSpread_std": 0.1458599895464408,
    "QuantileSpread_sharpe": -7.32577098381104,
    "QuantileSpread_N": 102,
    "Conformal_qhat(alpha=0.1)": 0.15392105374485254,
    "Conformal_coverage(alpha=0.1)": 0.9335740072202167,
    "Conformal_avg_width(alpha=0.1)": 0.3078421074897051,
    "Conformal_width_over_std(alpha=0.1)": 1.948842278982122,
    "Conformal_qhat(alpha=0.05)": 0.1956908805295825,
    "Conformal_coverage(alpha=0.05)": 0.955956678700361,
    "Conformal_avg_width(alpha=0.05)": 0.391381761059165,
    "Conformal_width_over_std(alpha=0.05)": 2.4777030322276077
  }
}