{
  "val": {
    "MAE": 0.062145957184540364,
    "MedianAE": 0.04178622364997864,
    "RMSE": 0.14666266366241196,
    "R2": -0.03569461133615226,
    "HitRate(sign)": 0.5656605252842023,
    "HitRate(sign,deadzone)": 0.5704342496935738,
    "PearsonCorr(IC)": -0.01776931421707863,
    "SpearmanCorr(RankIC)": 0.02525151778630198,
    "AUC(Sign)": 0.5066321781965697,
    "N": 25510,
    "N_deadzone": 22844,
    "DailyIC_mean": 0.022269560967713993,
    "DailyIC_std": 0.16305211361918062,
    "DailyIC_tstat": 2.4317272049183094,
    "DailyIC_frac_pos": 0.5173501577287066,
    "DailyIC_N": 317,
    "DailyRankIC_mean": 0.04360088723240678,
    "DailyRankIC_std": 0.13927089888549526,
    "DailyRankIC_tstat": 5.573969388148291,
    "DailyRankIC_frac_pos": 0.6151419558359621,
    "DailyRankIC_N": 317,
    "QuantileSpread_mean": -0.0005231283972385392,
    "QuantileSpread_std": 0.10321850223199831,
    "QuantileSpread_sharpe": -0.08045462467987147,
    "QuantileSpread_N": 317,
    "Conformal_qhat(alpha=0.1)": NaN,
    "Conformal_coverage(alpha=0.1)": NaN,
    "Conformal_avg_width(alpha=0.1)": NaN,
    "Conformal_width_over_std(alpha=0.1)": NaN
  },
  "test": {
    "MAE": 0.06913648160879748,
    "MedianAE": 0.04601839929819107,
    "RMSE": 0.12880755252734943,
    "R2": -0.0514146396394326,
    "HitRate(sign)": 0.5292780603961468,
    "HitRate(sign,deadzone)": 0.532755357469931,
    "PearsonCorr(IC)": 0.021258474966135275,
    "SpearmanCorr(RankIC)": 0.03021672404927899,
    "AUC(Sign)": 0.5127427087277245,
    "N": 18478,
    "N_deadzone": 16379,
    "DailyIC_mean": 0.02790617029302859,
    "DailyIC_std": 0.14726098555744022,
    "DailyIC_tstat": 2.848831462130931,
    "DailyIC_frac_pos": 0.5796460176991151,
    "DailyIC_N": 226,
    "DailyRankIC_mean": 0.027908912022907167,
    "DailyRankIC_std": 0.12941004291209113,
    "DailyRankIC_tstat": 3.2421204459634527,
    "DailyRankIC_frac_pos": 0.6150442477876106,
    "DailyRankIC_N": 226,
    "QuantileSpread_mean": 0.004404232412655527,
    "QuantileSpread_std": 0.08221214328876061,
    "QuantileSpread_sharpe": 0.8504220822285432,
    "QuantileSpread_N": 226,
    "Conformal_qhat(alpha=0.1)": 0.11747309565544128,
    "Conformal_coverage(alpha=0.1)": 0.8476025543890031,
    "Conformal_avg_width(alpha=0.1)": 0.23494619131088257,
    "Conformal_width_over_std(alpha=0.1)": 1.8703121308338497,
    "Conformal_qhat(alpha=0.05)": 0.15002868324518204,
    "Conformal_coverage(alpha=0.05)": 0.9060504383591298,
    "Conformal_avg_width(alpha=0.05)": 0.3000573664903641,
    "Conformal_width_over_std(alpha=0.05)": 2.3886360079376683
  }
}