{
  "val": {
    "MAE": 0.09293737286784917,
    "MedianAE": 0.07018411718308926,
    "RMSE": 0.1277273620145189,
    "R2": -0.042993707184667995,
    "HitRate(sign)": 0.6277014510651435,
    "HitRate(sign,deadzone)": 0.6277014510651435,
    "PearsonCorr(IC)": 0.019265202490992964,
    "SpearmanCorr(RankIC)": 0.07527533948982762,
    "AUC(Sign)": 0.5077711804054577,
    "N": 25912,
    "N_deadzone": 25912,
    "DailyIC_mean": 0.03126964774967616,
    "DailyIC_std": 0.18862563749569716,
    "DailyIC_tstat": 2.578872977070953,
    "DailyIC_frac_pos": 0.5578512396694215,
    "DailyIC_N": 242,
    "DailyRankIC_mean": 0.08079038193900684,
    "DailyRankIC_std": 0.15979344002418092,
    "DailyRankIC_tstat": 7.865175141931464,
    "DailyRankIC_frac_pos": 0.71900826446281,
    "DailyRankIC_N": 242,
    "QuantileSpread_mean": 0.01987616273397433,
    "QuantileSpread_std": 0.062494619033805356,
    "QuantileSpread_sharpe": 5.048823507563061,
    "QuantileSpread_N": 316,
    "Conformal_qhat(alpha=0.1)": NaN,
    "Conformal_coverage(alpha=0.1)": NaN,
    "Conformal_avg_width(alpha=0.1)": NaN,
    "Conformal_width_over_std(alpha=0.1)": NaN
  },
  "test": {
    "MAE": 0.12321504364596089,
    "MedianAE": 0.07446309551596642,
    "RMSE": 0.27921428704985274,
    "R2": 0.0038338764077349152,
    "HitRate(sign)": 0.6108253734998775,
    "HitRate(sign,deadzone)": 0.6108253734998775,
    "PearsonCorr(IC)": 0.19649058867968086,
    "SpearmanCorr(RankIC)": 0.10093885718934187,
    "AUC(Sign)": 0.5113140284153505,
    "N": 32664,
    "N_deadzone": 32664,
    "DailyIC_mean": 0.12146303562922282,
    "DailyIC_std": 0.32691972043989603,
    "DailyIC_tstat": 7.137008189745781,
    "DailyIC_frac_pos": 0.6693766937669376,
    "DailyIC_N": 369,
    "DailyRankIC_mean": 0.06155858816065501,
    "DailyRankIC_std": 0.16261366139601902,
    "DailyRankIC_tstat": 7.271848216621361,
    "DailyRankIC_frac_pos": 0.6558265582655827,
    "DailyRankIC_N": 369,
    "QuantileSpread_mean": 0.07156366002202698,
    "QuantileSpread_std": 0.16236884004257157,
    "QuantileSpread_sharpe": 6.9966496260569,
    "QuantileSpread_N": 399,
    "Conformal_qhat(alpha=0.1)": NaN,
    "Conformal_coverage(alpha=0.1)": NaN,
    "Conformal_avg_width(alpha=0.1)": NaN,
    "Conformal_width_over_std(alpha=0.1)": NaN
  }
}