{
  "val": {
    "MAE": 0.11938505041531204,
    "MedianAE": 0.07487280108034611,
    "RMSE": 0.2726258034836673,
    "R2": 0.02426817837903239,
    "HitRate(sign)": 0.5958059580595806,
    "HitRate(sign,deadzone)": 0.6112085818838037,
    "PearsonCorr(IC)": 0.1613025406421457,
    "SpearmanCorr(RankIC)": 0.05181322037981362,
    "AUC(Sign)": 0.5354482767481146,
    "N": 22222,
    "N_deadzone": 19949,
    "DailyIC_mean": 0.0961421451337464,
    "DailyIC_std": 0.17970536499153403,
    "DailyIC_tstat": 8.807190909877875,
    "DailyIC_frac_pos": 0.6568265682656826,
    "DailyIC_N": 271,
    "DailyRankIC_mean": 0.009408009659687714,
    "DailyRankIC_std": 0.12694491866852015,
    "DailyRankIC_tstat": 1.220020360134754,
    "DailyRankIC_frac_pos": 0.5313653136531366,
    "DailyRankIC_N": 271,
    "QuantileSpread_mean": 0.13516305359128158,
    "QuantileSpread_std": 0.209384980611305,
    "QuantileSpread_sharpe": 10.247377587520784,
    "QuantileSpread_N": 271,
    "Conformal_qhat(alpha=0.1)": NaN,
    "Conformal_coverage(alpha=0.1)": NaN,
    "Conformal_avg_width(alpha=0.1)": NaN,
    "Conformal_width_over_std(alpha=0.1)": NaN
  },
  "test": {
    "MAE": 0.12032330949539835,
    "MedianAE": 0.085081503726542,
    "RMSE": 0.1994169154890356,
    "R2": -0.021708841010341873,
    "HitRate(sign)": 0.5246831955922865,
    "HitRate(sign,deadzone)": 0.5281516236572417,
    "PearsonCorr(IC)": 0.10135989050452231,
    "SpearmanCorr(RankIC)": 0.053170011692105966,
    "AUC(Sign)": 0.5171119015982023,
    "N": 18150,
    "N_deadzone": 16198,
    "DailyIC_mean": 0.10488569304038563,
    "DailyIC_std": 0.12218337100635712,
    "DailyIC_tstat": 12.790297210598316,
    "DailyIC_frac_pos": 0.8378378378378378,
    "DailyIC_N": 222,
    "DailyRankIC_mean": 0.038096993244102866,
    "DailyRankIC_std": 0.10613932901576249,
    "DailyRankIC_tstat": 5.347993248411726,
    "DailyRankIC_frac_pos": 0.6756756756756757,
    "DailyRankIC_N": 222,
    "QuantileSpread_mean": 0.04852766814856366,
    "QuantileSpread_std": 0.09324962878465061,
    "QuantileSpread_sharpe": 8.261189452462704,
    "QuantileSpread_N": 222,
    "Conformal_qhat(alpha=0.1)": 0.21031290479004383,
    "Conformal_coverage(alpha=0.1)": 0.8608264462809917,
    "Conformal_avg_width(alpha=0.1)": 0.42062580958008766,
    "Conformal_width_over_std(alpha=0.1)": 2.132050556367448,
    "Conformal_qhat(alpha=0.05)": 0.28399699181318283,
    "Conformal_coverage(alpha=0.05)": 0.9266666666666666,
    "Conformal_avg_width(alpha=0.05)": 0.5679939836263657,
    "Conformal_width_over_std(alpha=0.05)": 2.87902420922029
  }
}