{
  "test": {
    "MAE": 0.0753117801790284,
    "MedianAE": 0.03837804334741822,
    "RMSE": 0.2017388901449672,
    "R2": -0.011317802359560591,
    "HitRate(sign)": 0.562610229276896,
    "HitRate(sign,deadzone)": 0.5718533201189296,
    "PearsonCorr(IC)": 0.18487160384307127,
    "SpearmanCorr(RankIC)": 0.07406970568929917,
    "AUC(Sign)": 0.5342439997975226,
    "N": 4536,
    "N_deadzone": 4036,
    "DailyIC_mean": 1.0,
    "DailyIC_std": 5.3975983105791514e-17,
    "DailyIC_tstat": 1.3864156506201622e+17,
    "DailyIC_frac_pos": 1.0,
    "DailyIC_N": 56,
    "DailyRankIC_mean": 0.9999999999999999,
    "DailyRankIC_std": 0.0,
    "DailyRankIC_tstat": NaN,
    "DailyRankIC_frac_pos": 1.0,
    "DailyRankIC_N": 56,
    "QuantileSpread_mean": 0.04087772446975695,
    "QuantileSpread_std": 0.0013244232369440869,
    "QuantileSpread_sharpe": 489.9595088292569,
    "QuantileSpread_N": 56,
    "Conformal_qhat(alpha=0.1)": NaN,
    "Conformal_coverage(alpha=0.1)": NaN,
    "Conformal_avg_width(alpha=0.1)": NaN,
    "Conformal_width_over_std(alpha=0.1)": NaN
  },
  "best_alpha": 1000000.0
}