{
  "test": {
    "5": {
      "MAE": 0.03070044331252575,
      "MedianAE": 0.021697115153074265,
      "RMSE": 0.04492628552719581,
      "R2": -0.2248685359954834,
      "HitRate(sign)": 0.478984238178634,
      "HitRate(sign,deadzone)": 0.478984238178634,
      "PearsonCorr(IC)": -0.06282017438965838,
      "SpearmanCorr(RankIC)": -0.020420404298676975,
      "AUC(Sign)": 0.5031151124649468,
      "N": 10278,
      "N_deadzone": 10278,
      "DailyIC_mean": -0.04924172172836213,
      "DailyIC_std": 0.1667956051751366,
      "DailyIC_tstat": -3.3138580296932965,
      "DailyIC_frac_pos": 0.3968253968253968,
      "DailyIC_N": 126,
      "DailyRankIC_mean": -0.018664347462236008,
      "DailyRankIC_std": 0.12330500649989315,
      "DailyRankIC_tstat": -1.6990938697558402,
      "DailyRankIC_frac_pos": 0.4365079365079365,
      "DailyRankIC_N": 126,
      "QuantileSpread_mean": -0.008722875300528747,
      "QuantileSpread_std": 0.024215641000012476,
      "QuantileSpread_sharpe": -5.7182608784004465,
      "QuantileSpread_N": 126,
      "Conformal_qhat(alpha=0.1)": NaN,
      "Conformal_coverage(alpha=0.1)": NaN,
      "Conformal_avg_width(alpha=0.1)": NaN,
      "Conformal_width_over_std(alpha=0.1)": NaN
    },
    "20": {
      "MAE": 0.060568537563085556,
      "MedianAE": 0.042868755757808685,
      "RMSE": 0.08666310888027265,
      "R2": -0.22947800159454346,
      "HitRate(sign)": 0.6206460400856197,
      "HitRate(sign,deadzone)": 0.6206460400856197,
      "PearsonCorr(IC)": 0.08672691672365268,
      "SpearmanCorr(RankIC)": 0.06150434656196231,
      "AUC(Sign)": 0.5517902880929703,
      "N": 10278,
      "N_deadzone": 10278,
      "DailyIC_mean": 0.07422663136867996,
      "DailyIC_std": 0.10687145250202237,
      "DailyIC_tstat": 7.796206107071825,
      "DailyIC_frac_pos": 0.753968253968254,
      "DailyIC_N": 126,
      "DailyRankIC_mean": 0.050893572474864326,
      "DailyRankIC_std": 0.07918723298235412,
      "DailyRankIC_tstat": 7.2142807957057355,
      "DailyRankIC_frac_pos": 0.7777777777777778,
      "DailyRankIC_N": 126,
      "QuantileSpread_mean": 0.01980539145214217,
      "QuantileSpread_std": 0.03357545826507237,
      "QuantileSpread_sharpe": 9.364007481946361,
      "QuantileSpread_N": 126,
      "Conformal_qhat(alpha=0.1)": NaN,
      "Conformal_coverage(alpha=0.1)": NaN,
      "Conformal_avg_width(alpha=0.1)": NaN,
      "Conformal_width_over_std(alpha=0.1)": NaN
    },
    "60": {
      "MAE": 0.12315716594457626,
      "MedianAE": 0.07817895710468292,
      "RMSE": 0.21015576039934383,
      "R2": -0.023148536682128906,
      "HitRate(sign)": 0.6467211519750924,
      "HitRate(sign,deadzone)": 0.6467211519750924,
      "PearsonCorr(IC)": 0.20282704794550976,
      "SpearmanCorr(RankIC)": 0.11658907733255845,
      "AUC(Sign)": 0.5849493769701187,
      "N": 10278,
      "N_deadzone": 10278,
      "DailyIC_mean": 0.1612977168689502,
      "DailyIC_std": 0.10230628730735228,
      "DailyIC_tstat": 17.69746932500913,
      "DailyIC_frac_pos": 0.9920634920634921,
      "DailyIC_N": 126,
      "DailyRankIC_mean": 0.07810480187583195,
      "DailyRankIC_std": 0.0605480846307347,
      "DailyRankIC_tstat": 14.47980116944332,
      "DailyRankIC_frac_pos": 0.9285714285714286,
      "DailyRankIC_N": 126,
      "QuantileSpread_mean": 0.11586756622862249,
      "QuantileSpread_std": 0.13380016014724866,
      "QuantileSpread_sharpe": 13.746923692252919,
      "QuantileSpread_N": 126,
      "Conformal_qhat(alpha=0.1)": NaN,
      "Conformal_coverage(alpha=0.1)": NaN,
      "Conformal_avg_width(alpha=0.1)": NaN,
      "Conformal_width_over_std(alpha=0.1)": NaN
    }
  },
  "test_cs_summary": {
    "5": {
      "daily_ic_mean": -0.04924172172836213,
      "daily_rankic_mean": -0.018664347462236008,
      "quantile_spread_mean": -0.00872287511936297,
      "n_days": 126
    },
    "20": {
      "daily_ic_mean": 0.07422663136867996,
      "daily_rankic_mean": 0.050893572474864326,
      "quantile_spread_mean": 0.019805390996611643,
      "n_days": 126
    },
    "60": {
      "daily_ic_mean": 0.1612977168689502,
      "daily_rankic_mean": 0.07810480187583195,
      "quantile_spread_mean": 0.11586756561193765,
      "n_days": 126
    }
  },
  "toy_backtest_test": {
    "n_days": 126,
    "sharpe_ann": -5.718260786879355,
    "max_drawdown": -0.6761702320157252,
    "turnover_avg": 0.8010204081632654,
    "hit_rate": 0.38095238095238093,
    "cum_return": -0.6668232886500096
  }
}