{
  "val": {
    "MAE": 0.07396296986255517,
    "MedianAE": 0.05587812326848507,
    "RMSE": 0.09931018748440121,
    "R2": -0.007554821168146653,
    "HitRate(sign)": 0.527614241659658,
    "HitRate(sign,deadzone)": 0.5306618093503339,
    "PearsonCorr(IC)": 0.043472965190435385,
    "SpearmanCorr(RankIC)": 0.09698269751961316,
    "AUC(Sign)": 0.5380235269294641,
    "N": 7134,
    "N_deadzone": 6588,
    "DailyIC_mean": 0.062193119173397836,
    "DailyIC_std": 0.1415323504003518,
    "DailyIC_tstat": 4.098701077056129,
    "DailyIC_frac_pos": 0.6206896551724138,
    "DailyIC_N": 87,
    "DailyRankIC_mean": 0.09674670397629519,
    "DailyRankIC_std": 0.14213672194553892,
    "DailyRankIC_tstat": 6.348768761317297,
    "DailyRankIC_frac_pos": 0.7471264367816092,
    "DailyRankIC_N": 87,
    "QuantileSpread_mean": 0.015337631490026604,
    "QuantileSpread_std": 0.04343220086852351,
    "QuantileSpread_sharpe": 5.605917887450076,
    "QuantileSpread_N": 87,
    "Conformal_qhat(alpha=0.1)": NaN,
    "Conformal_coverage(alpha=0.1)": NaN,
    "Conformal_avg_width(alpha=0.1)": NaN,
    "Conformal_width_over_std(alpha=0.1)": NaN
  },
  "test": {
    "MAE": 0.06371436567505104,
    "MedianAE": 0.03710273839533329,
    "RMSE": 0.1545459882853972,
    "R2": -0.0063139087598427235,
    "HitRate(sign)": 0.5719154737559645,
    "HitRate(sign,deadzone)": 0.5809292826142456,
    "PearsonCorr(IC)": 0.01710227642270679,
    "SpearmanCorr(RankIC)": -0.0033035439163021352,
    "AUC(Sign)": 0.4882515523594199,
    "N": 8802,
    "N_deadzone": 7834,
    "DailyIC_mean": 0.05399552412027032,
    "DailyIC_std": 0.10857798702581907,
    "DailyIC_tstat": 5.1680636408582465,
    "DailyIC_frac_pos": 0.6481481481481481,
    "DailyIC_N": 108,
    "DailyRankIC_mean": 0.0030201515486543784,
    "DailyRankIC_std": 0.11526741629826864,
    "DailyRankIC_tstat": 0.272291481677244,
    "DailyRankIC_frac_pos": 0.5185185185185185,
    "DailyRankIC_N": 108,
    "QuantileSpread_mean": 0.022422974168943323,
    "QuantileSpread_std": 0.08109062916883014,
    "QuantileSpread_sharpe": 4.389578468944942,
    "QuantileSpread_N": 108,
    "Conformal_qhat(alpha=0.1)": 0.16249242424964905,
    "Conformal_coverage(alpha=0.1)": 0.9430811179277437,
    "Conformal_avg_width(alpha=0.1)": 0.3249848484992981,
    "Conformal_width_over_std(alpha=0.1)": 2.109463986036682,
    "Conformal_qhat(alpha=0.05)": 0.20005878061056137,
    "Conformal_coverage(alpha=0.05)": 0.9614860259032039,
    "Conformal_avg_width(alpha=0.05)": 0.40011756122112274,
    "Conformal_width_over_std(alpha=0.05)": 2.5971474961812215
  }
}