{
  "test": {
    "MAE": 0.013370284127029857,
    "MedianAE": 0.008251207768336603,
    "RMSE": 0.04599884270079166,
    "R2": -0.0007858840994219296,
    "HitRate(sign)": 0.5224784532960633,
    "HitRate(sign,deadzone)": 0.5264813843733613,
    "PearsonCorr(IC)": 0.03014879984717595,
    "SpearmanCorr(RankIC)": 0.024561814440454452,
    "AUC(Sign)": 0.5187613951775939,
    "N": 4293,
    "N_deadzone": 3814,
    "DailyIC_mean": 1.0,
    "DailyIC_std": 5.962854160763416e-17,
    "DailyIC_tstat": 1.2209102709881563e+17,
    "DailyIC_frac_pos": 1.0,
    "DailyIC_N": 53,
    "DailyRankIC_mean": 0.9999999999999999,
    "DailyRankIC_std": 0.0,
    "DailyRankIC_tstat": NaN,
    "DailyRankIC_frac_pos": 1.0,
    "DailyRankIC_N": 53,
    "QuantileSpread_mean": 0.002557047720951937,
    "QuantileSpread_std": 0.00010910511504518119,
    "QuantileSpread_sharpe": 372.04373181010334,
    "QuantileSpread_N": 53,
    "Conformal_qhat(alpha=0.1)": NaN,
    "Conformal_coverage(alpha=0.1)": NaN,
    "Conformal_avg_width(alpha=0.1)": NaN,
    "Conformal_width_over_std(alpha=0.1)": NaN
  },
  "best_alpha": 1000000.0
}