{
  "val": {
    "MAE": 0.02734469505923972,
    "MedianAE": 0.019598981831222773,
    "RMSE": 0.04063377143682169,
    "R2": -0.004729257219966865,
    "HitRate(sign)": 0.5339526720329238,
    "HitRate(sign,deadzone)": 0.5339526720329238,
    "PearsonCorr(IC)": 0.0205823549308364,
    "SpearmanCorr(RankIC)": 0.006956061771539713,
    "AUC(Sign)": 0.5111494359506763,
    "N": 33046,
    "N_deadzone": 33046,
    "DailyIC_mean": 0.016759571577677143,
    "DailyIC_std": 0.15629230122731402,
    "DailyIC_tstat": 2.1526719407287134,
    "DailyIC_frac_pos": 0.533498759305211,
    "DailyIC_N": 403,
    "DailyRankIC_mean": 0.011624569603949057,
    "DailyRankIC_std": 0.1258518931957732,
    "DailyRankIC_tstat": 1.854255826193431,
    "DailyRankIC_frac_pos": 0.5359801488833746,
    "DailyRankIC_N": 403,
    "QuantileSpread_mean": 0.002871355854124933,
    "QuantileSpread_std": 0.01637085981019616,
    "QuantileSpread_sharpe": 2.78429854155339,
    "QuantileSpread_N": 403,
    "Conformal_qhat(alpha=0.1)": NaN,
    "Conformal_coverage(alpha=0.1)": NaN,
    "Conformal_avg_width(alpha=0.1)": NaN,
    "Conformal_width_over_std(alpha=0.1)": NaN
  },
  "test": {
    "MAE": 0.031288062163960025,
    "MedianAE": 0.02017493173480034,
    "RMSE": 0.08193808138477364,
    "R2": 0.00039227635824012896,
    "HitRate(sign)": 0.5517319192147129,
    "HitRate(sign,deadzone)": 0.5517319192147129,
    "PearsonCorr(IC)": 0.025505360280342042,
    "SpearmanCorr(RankIC)": 0.013433808467711429,
    "AUC(Sign)": 0.5025142451175473,
    "N": 35452,
    "N_deadzone": 35452,
    "DailyIC_mean": 0.034958658157489865,
    "DailyIC_std": 0.19930597306829403,
    "DailyIC_tstat": 3.5689019010502814,
    "DailyIC_frac_pos": 0.5531400966183575,
    "DailyIC_N": 414,
    "DailyRankIC_mean": 0.01977451528228796,
    "DailyRankIC_std": 0.1341221165415473,
    "DailyRankIC_tstat": 2.9998919945306257,
    "DailyRankIC_frac_pos": 0.5362318840579711,
    "DailyRankIC_N": 414,
    "QuantileSpread_mean": 0.012385449318831777,
    "QuantileSpread_std": 0.06229520707262154,
    "QuantileSpread_sharpe": 3.1561483118811204,
    "QuantileSpread_N": 433,
    "Conformal_qhat(alpha=0.1)": NaN,
    "Conformal_coverage(alpha=0.1)": NaN,
    "Conformal_avg_width(alpha=0.1)": NaN,
    "Conformal_width_over_std(alpha=0.1)": NaN
  }
}