{
  "val": {
    "MAE": 0.014100610991245776,
    "MedianAE": 0.008888620766811073,
    "RMSE": 0.02251005118923105,
    "R2": 0.000894298593002496,
    "HitRate(sign)": 0.5357800276115968,
    "HitRate(sign,deadzone)": 0.5392269422120168,
    "PearsonCorr(IC)": 0.03564606061776151,
    "SpearmanCorr(RankIC)": 0.0314251546523004,
    "AUC(Sign)": 0.5100458508024742,
    "N": 8692,
    "N_deadzone": 7839,
    "DailyIC_mean": 0.033688168383697335,
    "DailyIC_std": 0.16604353919284473,
    "DailyIC_tstat": 2.0888552694785365,
    "DailyIC_frac_pos": 0.5660377358490566,
    "DailyIC_N": 106,
    "DailyRankIC_mean": 0.017457662618577903,
    "DailyRankIC_std": 0.13477733735908787,
    "DailyRankIC_tstat": 1.3335894666633523,
    "DailyRankIC_frac_pos": 0.5377358490566038,
    "DailyRankIC_N": 106,
    "QuantileSpread_mean": 0.0018976925250497963,
    "QuantileSpread_std": 0.011407806388543638,
    "QuantileSpread_sharpe": 2.640729855578632,
    "QuantileSpread_N": 106,
    "Conformal_qhat(alpha=0.1)": NaN,
    "Conformal_coverage(alpha=0.1)": NaN,
    "Conformal_avg_width(alpha=0.1)": NaN,
    "Conformal_width_over_std(alpha=0.1)": NaN
  },
  "test": {
    "MAE": 0.01225746488762848,
    "MedianAE": 0.007871072797570378,
    "RMSE": 0.03463571496666049,
    "R2": -0.00029695839363719223,
    "HitRate(sign)": 0.5255733944954128,
    "HitRate(sign,deadzone)": 0.5310522918011621,
    "PearsonCorr(IC)": 0.013097499663050852,
    "SpearmanCorr(RankIC)": 0.03597611053519846,
    "AUC(Sign)": 0.5178286909943086,
    "N": 8720,
    "N_deadzone": 7745,
    "DailyIC_mean": 0.02877878172900322,
    "DailyIC_std": 0.16321574873866157,
    "DailyIC_tstat": 1.8239050781743666,
    "DailyIC_frac_pos": 0.5420560747663551,
    "DailyIC_N": 107,
    "DailyRankIC_mean": 0.024409814935102497,
    "DailyRankIC_std": 0.13962998823129424,
    "DailyRankIC_tstat": 1.8083299457128679,
    "DailyRankIC_frac_pos": 0.5794392523364486,
    "DailyRankIC_N": 107,
    "QuantileSpread_mean": 0.0006190847049807472,
    "QuantileSpread_std": 0.014162173694329035,
    "QuantileSpread_sharpe": 0.6939376137656311,
    "QuantileSpread_N": 107,
    "Conformal_qhat(alpha=0.1)": 0.030706742545589805,
    "Conformal_coverage(alpha=0.1)": 0.930848623853211,
    "Conformal_avg_width(alpha=0.1)": 0.06141348509117961,
    "Conformal_width_over_std(alpha=0.1)": 1.7733892052865414,
    "Conformal_qhat(alpha=0.05)": 0.04451380157843232,
    "Conformal_coverage(alpha=0.05)": 0.9729357798165138,
    "Conformal_avg_width(alpha=0.05)": 0.08902760315686464,
    "Conformal_width_over_std(alpha=0.05)": 2.5707805081655115
  }
}