{
  "val": {
    "5": {
      "MAE": 0.026871878653764725,
      "MedianAE": 0.019371723756194115,
      "RMSE": 0.03944641489385627,
      "R2": -0.43560993671417236,
      "HitRate(sign)": 0.4895470383275261,
      "HitRate(sign,deadzone)": 0.4895470383275261,
      "PearsonCorr(IC)": 0.03169104158778914,
      "SpearmanCorr(RankIC)": -0.001708727854719665,
      "AUC(Sign)": 0.5078135866270018,
      "N": 10332,
      "N_deadzone": 10332,
      "DailyIC_mean": 0.025834445879744886,
      "DailyIC_std": 0.23062153451336084,
      "DailyIC_tstat": 1.2574321664687251,
      "DailyIC_frac_pos": 0.5634920634920635,
      "DailyIC_N": 126,
      "DailyRankIC_mean": -0.0032954163648311182,
      "DailyRankIC_std": 0.1327411296502865,
      "DailyRankIC_tstat": -0.2786698971852422,
      "DailyRankIC_frac_pos": 0.47619047619047616,
      "DailyRankIC_N": 126,
      "QuantileSpread_mean": 0.0010465467089994086,
      "QuantileSpread_std": 0.017239433655086105,
      "QuantileSpread_sharpe": 0.9636867600724051,
      "QuantileSpread_N": 126,
      "Conformal_qhat(alpha=0.1)": NaN,
      "Conformal_coverage(alpha=0.1)": NaN,
      "Conformal_avg_width(alpha=0.1)": NaN,
      "Conformal_width_over_std(alpha=0.1)": NaN
    },
    "20": {
      "MAE": 0.06361254304647446,
      "MedianAE": 0.04638808220624924,
      "RMSE": 0.09213091560390034,
      "R2": -0.9376451969146729,
      "HitRate(sign)": 0.4808362369337979,
      "HitRate(sign,deadzone)": 0.4808362369337979,
      "PearsonCorr(IC)": 0.059637639042203136,
      "SpearmanCorr(RankIC)": -0.03182740311454046,
      "AUC(Sign)": 0.4877070331454574,
      "N": 10332,
      "N_deadzone": 10332,
      "DailyIC_mean": 0.022235015748701962,
      "DailyIC_std": 0.2226579021222909,
      "DailyIC_tstat": 1.1209457665078304,
      "DailyIC_frac_pos": 0.48412698412698413,
      "DailyIC_N": 126,
      "DailyRankIC_mean": -0.04568004182372486,
      "DailyRankIC_std": 0.09731668497311265,
      "DailyRankIC_tstat": -5.268954628852352,
      "DailyRankIC_frac_pos": 0.3412698412698413,
      "DailyRankIC_N": 126,
      "QuantileSpread_mean": 0.007004894382719483,
      "QuantileSpread_std": 0.03186201929388991,
      "QuantileSpread_sharpe": 3.490025222695748,
      "QuantileSpread_N": 126,
      "Conformal_qhat(alpha=0.1)": NaN,
      "Conformal_coverage(alpha=0.1)": NaN,
      "Conformal_avg_width(alpha=0.1)": NaN,
      "Conformal_width_over_std(alpha=0.1)": NaN
    },
    "60": {
      "MAE": 0.08559516072273254,
      "MedianAE": 0.06674227118492126,
      "RMSE": 0.11352107132108896,
      "R2": -0.08068728446960449,
      "HitRate(sign)": 0.5632017034456059,
      "HitRate(sign,deadzone)": 0.5632017034456059,
      "PearsonCorr(IC)": 0.09657186931366935,
      "SpearmanCorr(RankIC)": 0.04947404137414123,
      "AUC(Sign)": 0.531331847159896,
      "N": 10332,
      "N_deadzone": 10332,
      "DailyIC_mean": 0.03616275211800909,
      "DailyIC_std": 0.1863763454311044,
      "DailyIC_tstat": 2.1779903711832627,
      "DailyIC_frac_pos": 0.48412698412698413,
      "DailyIC_N": 126,
      "DailyRankIC_mean": -0.004202896898764777,
      "DailyRankIC_std": 0.13642914786425572,
      "DailyRankIC_tstat": -0.3458014758567438,
      "DailyRankIC_frac_pos": 0.4603174603174603,
      "DailyRankIC_N": 126,
      "QuantileSpread_mean": 0.028598554395434874,
      "QuantileSpread_std": 0.06321245938435188,
      "QuantileSpread_sharpe": 7.181938199196641,
      "QuantileSpread_N": 126,
      "Conformal_qhat(alpha=0.1)": NaN,
      "Conformal_coverage(alpha=0.1)": NaN,
      "Conformal_avg_width(alpha=0.1)": NaN,
      "Conformal_width_over_std(alpha=0.1)": NaN
    }
  },
  "test": {
    "5": {
      "MAE": 0.028065793216228485,
      "MedianAE": 0.019069058820605278,
      "RMSE": 0.04764721014709703,
      "R2": -0.3258023262023926,
      "HitRate(sign)": 0.5392953929539296,
      "HitRate(sign,deadzone)": 0.5392953929539296,
      "PearsonCorr(IC)": -0.04884670895219906,
      "SpearmanCorr(RankIC)": -0.009225412167149394,
      "AUC(Sign)": 0.5055276556450089,
      "N": 10332,
      "N_deadzone": 10332,
      "DailyIC_mean": -0.05879469352233572,
      "DailyIC_std": 0.15953466371268796,
      "DailyIC_tstat": -4.136836362732022,
      "DailyIC_frac_pos": 0.3492063492063492,
      "DailyIC_N": 126,
      "DailyRankIC_mean": -0.014930723806020079,
      "DailyRankIC_std": 0.12461845752670962,
      "DailyRankIC_tstat": -1.3448807053329837,
      "DailyRankIC_frac_pos": 0.5158730158730159,
      "DailyRankIC_N": 126,
      "QuantileSpread_mean": -0.008319522597871366,
      "QuantileSpread_std": 0.02479776496793557,
      "QuantileSpread_sharpe": -5.325815737638743,
      "QuantileSpread_N": 126,
      "Conformal_qhat(alpha=0.1)": NaN,
      "Conformal_coverage(alpha=0.1)": NaN,
      "Conformal_avg_width(alpha=0.1)": NaN,
      "Conformal_width_over_std(alpha=0.1)": NaN
    },
    "20": {
      "MAE": 0.0634586364030838,
      "MedianAE": 0.04566924273967743,
      "RMSE": 0.10099798820045235,
      "R2": -0.5399943590164185,
      "HitRate(sign)": 0.610530391018196,
      "HitRate(sign,deadzone)": 0.610530391018196,
      "PearsonCorr(IC)": -0.04530530970265678,
      "SpearmanCorr(RankIC)": -0.01840820791372825,
      "AUC(Sign)": 0.4893765541582672,
      "N": 10332,
      "N_deadzone": 10332,
      "DailyIC_mean": -0.07019418645447374,
      "DailyIC_std": 0.14412238411029876,
      "DailyIC_tstat": -5.467074345404219,
      "DailyIC_frac_pos": 0.3968253968253968,
      "DailyIC_N": 126,
      "DailyRankIC_mean": -0.02743931665576705,
      "DailyRankIC_std": 0.1296781581886922,
      "DailyRankIC_tstat": -2.3751537642219374,
      "DailyRankIC_frac_pos": 0.48412698412698413,
      "DailyRankIC_N": 126,
      "QuantileSpread_mean": -0.01840928888377098,
      "QuantileSpread_std": 0.03950841511668012,
      "QuantileSpread_sharpe": -7.396864701784573,
      "QuantileSpread_N": 126,
      "Conformal_qhat(alpha=0.1)": NaN,
      "Conformal_coverage(alpha=0.1)": NaN,
      "Conformal_avg_width(alpha=0.1)": NaN,
      "Conformal_width_over_std(alpha=0.1)": NaN
    },
    "60": {
      "MAE": 0.10846336930990219,
      "MedianAE": 0.07548301666975021,
      "RMSE": 0.16967469356748632,
      "R2": -0.11773335933685303,
      "HitRate(sign)": 0.6515679442508711,
      "HitRate(sign,deadzone)": 0.6515679442508711,
      "PearsonCorr(IC)": 0.022603890283620306,
      "SpearmanCorr(RankIC)": 0.023567513594003345,
      "AUC(Sign)": 0.5282066918262149,
      "N": 10332,
      "N_deadzone": 10332,
      "DailyIC_mean": 0.004208148052756202,
      "DailyIC_std": 0.10219237575282106,
      "DailyIC_tstat": 0.46222963690514735,
      "DailyIC_frac_pos": 0.47619047619047616,
      "DailyIC_N": 126,
      "DailyRankIC_mean": 0.013641603823144076,
      "DailyRankIC_std": 0.09593345822357302,
      "DailyRankIC_tstat": 1.5961753695991054,
      "DailyRankIC_frac_pos": 0.5158730158730159,
      "DailyRankIC_N": 126,
      "QuantileSpread_mean": 0.08165704033204488,
      "QuantileSpread_std": 0.07751951701091672,
      "QuantileSpread_sharpe": 16.72179315712744,
      "QuantileSpread_N": 126,
      "Conformal_qhat(alpha=0.1)": NaN,
      "Conformal_coverage(alpha=0.1)": NaN,
      "Conformal_avg_width(alpha=0.1)": NaN,
      "Conformal_width_over_std(alpha=0.1)": NaN
    }
  },
  "val_cs_summary": {
    "5": {
      "daily_ic_mean": 0.025834445879744886,
      "daily_rankic_mean": -0.0032954163648311182,
      "quantile_spread_mean": 0.0010465467489883026,
      "n_days": 126
    },
    "20": {
      "daily_ic_mean": 0.022235015748701962,
      "daily_rankic_mean": -0.04568004182372486,
      "quantile_spread_mean": 0.007004893862701451,
      "n_days": 126
    },
    "60": {
      "daily_ic_mean": 0.03616275211800909,
      "daily_rankic_mean": -0.004202896898764777,
      "quantile_spread_mean": 0.028598555020055625,
      "n_days": 126
    }
  },
  "test_cs_summary": {
    "5": {
      "daily_ic_mean": -0.05879469352233572,