{
  "val": {
    "MAE": 0.03303672745891701,
    "MedianAE": 0.022359107621014118,
    "RMSE": 0.048046280981386344,
    "R2": 2.2170122142561866e-05,
    "HitRate(sign)": 0.5695003551977267,
    "HitRate(sign,deadzone)": 0.5758474030158526,
    "PearsonCorr(IC)": 0.03649459965953272,
    "SpearmanCorr(RankIC)": 0.03570950731272869,
    "AUC(Sign)": 0.525442796440464,
    "N": 8446,
    "N_deadzone": 7759,
    "DailyIC_mean": 0.04347081273273961,
    "DailyIC_std": 0.1705982609314896,
    "DailyIC_tstat": 2.5860789099613255,
    "DailyIC_frac_pos": 0.6019417475728155,
    "DailyIC_N": 103,
    "DailyRankIC_mean": 0.029521828730978857,
    "DailyRankIC_std": 0.1195054204239224,
    "DailyRankIC_tstat": 2.507115054121447,
    "DailyRankIC_frac_pos": 0.6116504854368932,
    "DailyRankIC_N": 103,
    "QuantileSpread_mean": 0.006308743491374416,
    "QuantileSpread_std": 0.023721589942976823,
    "QuantileSpread_sharpe": 4.221816430584366,
    "QuantileSpread_N": 103,
    "Conformal_qhat(alpha=0.1)": NaN,
    "Conformal_coverage(alpha=0.1)": NaN,
    "Conformal_avg_width(alpha=0.1)": NaN,
    "Conformal_width_over_std(alpha=0.1)": NaN
  },
  "test": {
    "MAE": 0.029899020369055077,
    "MedianAE": 0.018799679819494486,
    "RMSE": 0.07755147299703491,
    "R2": 0.0010898144844350144,
    "HitRate(sign)": 0.5547602817541468,
    "HitRate(sign,deadzone)": 0.5589200100933636,
    "PearsonCorr(IC)": 0.04796752657136044,
    "SpearmanCorr(RankIC)": 0.03116189915471886,
    "AUC(Sign)": 0.5127313522163794,
    "N": 8802,
    "N_deadzone": 7926,
    "DailyIC_mean": 0.032535165439712944,
    "DailyIC_std": 0.15275218688439174,
    "DailyIC_tstat": 2.213489471684937,
    "DailyIC_frac_pos": 0.6574074074074074,
    "DailyIC_N": 108,
    "DailyRankIC_mean": 0.01896686839329548,
    "DailyRankIC_std": 0.14873547041000196,
    "DailyRankIC_tstat": 1.3252351827214537,
    "DailyRankIC_frac_pos": 0.5555555555555556,
    "DailyRankIC_N": 108,
    "QuantileSpread_mean": 0.011935265395182105,
    "QuantileSpread_std": 0.06056366625587275,
    "QuantileSpread_sharpe": 3.1283849891579036,
    "QuantileSpread_N": 108,
    "Conformal_qhat(alpha=0.1)": 0.0744469128549099,
    "Conformal_coverage(alpha=0.1)": 0.9376278118609407,
    "Conformal_avg_width(alpha=0.1)": 0.1488938257098198,
    "Conformal_width_over_std(alpha=0.1)": 1.9188890232225169,
    "Conformal_qhat(alpha=0.05)": 0.10306626744568348,
    "Conformal_coverage(alpha=0.05)": 0.9720518064076347,
    "Conformal_avg_width(alpha=0.05)": 0.20613253489136696,
    "Conformal_width_over_std(alpha=0.05)": 2.656560516504948
  }
}