{
  "val": {
    "5": {
      "MAE": 0.02569252997636795,
      "MedianAE": 0.01719895750284195,
      "RMSE": 0.06493435728207905,
      "R2": -0.0824124813079834,
      "HitRate(sign)": 0.5386864159033327,
      "HitRate(sign,deadzone)": 0.5386864159033327,
      "PearsonCorr(IC)": -0.027410324164427558,
      "SpearmanCorr(RankIC)": 0.0315278083966724,
      "AUC(Sign)": 0.5071741273124996,
      "N": 10262,
      "N_deadzone": 10262,
      "DailyIC_mean": 0.050025616637774835,
      "DailyIC_std": 0.174266635595428,
      "DailyIC_tstat": 3.2222814891864884,
      "DailyIC_frac_pos": 0.6031746031746031,
      "DailyIC_N": 126,
      "DailyRankIC_mean": 0.05675777327354077,
      "DailyRankIC_std": 0.19341333951600811,
      "DailyRankIC_tstat": 3.294004573167625,
      "DailyRankIC_frac_pos": 0.6507936507936508,
      "DailyRankIC_N": 126,
      "QuantileSpread_mean": -0.005819275310920876,
      "QuantileSpread_std": 0.05902631990015511,
      "QuantileSpread_sharpe": -1.5650328845868895,
      "QuantileSpread_N": 126,
      "Conformal_qhat(alpha=0.1)": NaN,
      "Conformal_coverage(alpha=0.1)": NaN,
      "Conformal_avg_width(alpha=0.1)": NaN,
      "Conformal_width_over_std(alpha=0.1)": NaN
    },
    "20": {
      "MAE": 0.05109214782714844,
      "MedianAE": 0.033695437014102936,
      "RMSE": 0.1264951588591093,
      "R2": -0.05648505687713623,
      "HitRate(sign)": 0.5857532644708634,
      "HitRate(sign,deadzone)": 0.5857532644708634,
      "PearsonCorr(IC)": 0.020843362643046846,
      "SpearmanCorr(RankIC)": 0.09295091351124167,
      "AUC(Sign)": 0.5266931236409893,
      "N": 10262,
      "N_deadzone": 10262,
      "DailyIC_mean": 0.11022355916042301,
      "DailyIC_std": 0.18154694223169954,
      "DailyIC_tstat": 6.815076959039518,
      "DailyIC_frac_pos": 0.6666666666666666,
      "DailyIC_N": 126,
      "DailyRankIC_mean": 0.0934486645756357,
      "DailyRankIC_std": 0.12847749311014428,
      "DailyRankIC_tstat": 8.164532424223802,
      "DailyRankIC_frac_pos": 0.7222222222222222,
      "DailyRankIC_N": 126,
      "QuantileSpread_mean": -0.00939370725037796,
      "QuantileSpread_std": 0.1021712598882436,
      "QuantileSpread_sharpe": -1.459514934080061,
      "QuantileSpread_N": 126,
      "Conformal_qhat(alpha=0.1)": NaN,
      "Conformal_coverage(alpha=0.1)": NaN,
      "Conformal_avg_width(alpha=0.1)": NaN,
      "Conformal_width_over_std(alpha=0.1)": NaN
    },
    "60": {
      "MAE": 0.09279845654964447,
      "MedianAE": 0.05607922375202179,
      "RMSE": 0.20868062735440132,
      "R2": -0.07392263412475586,
      "HitRate(sign)": 0.6445137400116936,
      "HitRate(sign,deadzone)": 0.6445137400116936,
      "PearsonCorr(IC)": 0.10894683196869591,
      "SpearmanCorr(RankIC)": 0.1643090987072186,
      "AUC(Sign)": 0.5407366805467881,
      "N": 10262,
      "N_deadzone": 10262,
      "DailyIC_mean": 0.17307032271307887,
      "DailyIC_std": 0.22741463815455204,
      "DailyIC_tstat": 8.542587979371627,
      "DailyIC_frac_pos": 0.746031746031746,
      "DailyIC_N": 126,
      "DailyRankIC_mean": 0.1562589839162134,
      "DailyRankIC_std": 0.13806536000921354,
      "DailyRankIC_tstat": 12.704147833624749,
      "DailyRankIC_frac_pos": 0.8333333333333334,
      "DailyRankIC_N": 126,
      "QuantileSpread_mean": 0.02342544130182692,
      "QuantileSpread_std": 0.14263673751427605,
      "QuantileSpread_sharpe": 2.6070937873367446,
      "QuantileSpread_N": 126,
      "Conformal_qhat(alpha=0.1)": NaN,
      "Conformal_coverage(alpha=0.1)": NaN,
      "Conformal_avg_width(alpha=0.1)": NaN,
      "Conformal_width_over_std(alpha=0.1)": NaN
    }
  },
  "test": {
    "5": {
      "MAE": 0.03341031074523926,
      "MedianAE": 0.02484772726893425,
      "RMSE": 0.04621391735804103,
      "R2": -0.15966856479644775,
      "HitRate(sign)": 0.5159698025551684,
      "HitRate(sign,deadzone)": 0.5159698025551684,
      "PearsonCorr(IC)": 0.018775031304595305,
      "SpearmanCorr(RankIC)": 0.002053927030353847,
      "AUC(Sign)": 0.4903245728440534,
      "N": 10332,
      "N_deadzone": 10332,
      "DailyIC_mean": 0.0029860682665765427,
      "DailyIC_std": 0.15068902122766592,
      "DailyIC_tstat": 0.22243513753069802,
      "DailyIC_frac_pos": 0.49206349206349204,
      "DailyIC_N": 126,
      "DailyRankIC_mean": -0.007268896133125071,
      "DailyRankIC_std": 0.1569727526990101,
      "DailyRankIC_tstat": -0.5197918449391786,
      "DailyRankIC_frac_pos": 0.5079365079365079,
      "DailyRankIC_N": 126,
      "QuantileSpread_mean": -0.0008785609647424684,
      "QuantileSpread_std": 0.019961074173046055,
      "QuantileSpread_sharpe": -0.6986960133006248,
      "QuantileSpread_N": 126,
      "Conformal_qhat(alpha=0.1)": NaN,
      "Conformal_coverage(alpha=0.1)": NaN,
      "Conformal_avg_width(alpha=0.1)": NaN,
      "Conformal_width_over_std(alpha=0.1)": NaN
    },
    "20": {
      "MAE": 0.06977424025535583,
      "MedianAE": 0.05292416363954544,
      "RMSE": 0.09504957772788984,
      "R2": -0.21538972854614258,
      "HitRate(sign)": 0.5048393341076268,
      "HitRate(sign,deadzone)": 0.5048393341076268,
      "PearsonCorr(IC)": 0.08029442087713257,
      "SpearmanCorr(RankIC)": 0.016803445436057423,
      "AUC(Sign)": 0.5175276639718633,
      "N": 10332,
      "N_deadzone": 10332,
      "DailyIC_mean": 0.07497064656024537,
      "DailyIC_std": 0.18704711614490782,
      "DailyIC_tstat": 4.499098611219041,
      "DailyIC_frac_pos": 0.7142857142857143,
      "DailyIC_N": 126,
      "DailyRankIC_mean": 0.028159262164528475,
      "DailyRankIC_std": 0.15015887240593687,
      "DailyRankIC_tstat": 2.1050166985639844,
      "DailyRankIC_frac_pos": 0.5952380952380952,
      "DailyRankIC_N": 126,
      "QuantileSpread_mean": 0.011197195550988592,
      "QuantileSpread_std": 0.03443292433339047,
      "QuantileSpread_sharpe": 5.162209492711585,
      "QuantileSpread_N": 126,
      "Conformal_qhat(alpha=0.1)": NaN,
      "Conformal_coverage(alpha=0.1)": NaN,
      "Conformal_avg_width(alpha=0.1)": NaN,
      "Conformal_width_over_std(alpha=0.1)": NaN
    },
    "60": {
      "MAE": 0.15474259853363037,
      "MedianAE": 0.11930790543556213,
      "RMSE": 0.23219660252098875,
      "R2": -0.4440140724182129,
      "HitRate(sign)": 0.41850561362756483,
      "HitRate(sign,deadzone)": 0.41850561362756483,
      "PearsonCorr(IC)": 0.06636450521205847,
      "SpearmanCorr(RankIC)": 0.007693176472525978,
      "AUC(Sign)": 0.523334119155448,
      "N": 10332,
      "N_deadzone": 10332,
      "DailyIC_mean": 0.12211981939624642,
      "DailyIC_std": 0.10952071034882498,
      "DailyIC_tstat": 12.51627722811882,
      "DailyIC_frac_pos": 0.8650793650793651,
      "DailyIC_N": 126,
      "DailyRankIC_mean": 0.05723985751633097,
      "DailyRankIC_std": 0.10030366290448511,
      "DailyRankIC_tstat": 6.40570631696116,
      "DailyRankIC_frac_pos": 0.7142857142857143,
      "DailyRankIC_N": 126,
      "QuantileSpread_mean": 0.06750651157741981,
      "QuantileSpread_std": 0.061148252021501814,
      "QuantileSpread_sharpe": 17.52515588984146,
      "QuantileSpread_N": 126,
      "Conformal_qhat(alpha=0.1)": NaN,
      "Conformal_coverage(alpha=0.1)": NaN,
      "Conformal_avg_width(alpha=0.1)": NaN,
      "Conformal_width_over_std(alpha=0.1)": NaN
    }
  },
  "val_cs_summary": {
    "5": {
      "daily_ic_mean": 0.050025616637774835,
      "daily_rankic_mean": 0.05675777327354077,
      "quantile_spread_mean": -0.005819275346531925,
      "n_days": 126
    },
    "20": {
      "daily_ic_mean": 0.11022355916042301,
      "daily_rankic_mean": 0.0934486645756357,
      "quantile_spread_mean": -0.009393707440491226,
      "n_days": 126
    },
    "60": {
      "daily_ic_mean": 0.17307032271307887,
      "daily_rankic_mean": 0.1562589839162134,
      "quantile_spread_mean": 0.023425440660842484,
      "n_days": 126
    }
  },
  "test_cs_summary": {
    "5": {
      "daily_ic_mean": 0.0029860682665765427,