{
  "val": {
    "MAE": 0.011405939902559472,
    "MedianAE": 0.007537211291491985,
    "RMSE": 0.03167734254065292,
    "R2": -0.0018244988999831513,
    "HitRate(sign)": 0.527812024077163,
    "HitRate(sign,deadzone)": 0.5326620516047829,
    "PearsonCorr(IC)": -0.013086554121244464,
    "SpearmanCorr(RankIC)": -0.0102733234387606,
    "AUC(Sign)": 0.49158589774250644,
    "N": 27578,
    "N_deadzone": 23835,
    "DailyIC_mean": 0.0045235669039346005,
    "DailyIC_std": 0.15638012275353197,
    "DailyIC_tstat": 0.5349491740059078,
    "DailyIC_frac_pos": 0.5116959064327485,
    "DailyIC_N": 342,
    "DailyRankIC_mean": 0.005167451832674939,
    "DailyRankIC_std": 0.1511466472682453,
    "DailyRankIC_tstat": 0.6322531067555098,
    "DailyRankIC_frac_pos": 0.5,
    "DailyRankIC_N": 342,
    "QuantileSpread_mean": 0.0005491160401021655,
    "QuantileSpread_std": 0.012587343009424275,
    "QuantileSpread_sharpe": 0.692516831521548,
    "QuantileSpread_N": 342,
    "Conformal_qhat(alpha=0.1)": NaN,
    "Conformal_coverage(alpha=0.1)": NaN,
    "Conformal_avg_width(alpha=0.1)": NaN,
    "Conformal_width_over_std(alpha=0.1)": NaN
  },
  "test": {
    "MAE": 0.013274506610597788,
    "MedianAE": 0.008520433329977095,
    "RMSE": 0.028648124161738033,
    "R2": -0.0012953091136236328,
    "HitRate(sign)": 0.5223332978836541,
    "HitRate(sign,deadzone)": 0.5267110841913991,
    "PearsonCorr(IC)": 0.009833165064420094,
    "SpearmanCorr(RankIC)": 0.00593612999647177,
    "AUC(Sign)": 0.5023189850843061,
    "N": 18806,
    "N_deadzone": 16510,
    "DailyIC_mean": 0.00922616963392776,
    "DailyIC_std": 0.1715882228070503,
    "DailyIC_tstat": 0.8154510142393097,
    "DailyIC_frac_pos": 0.5304347826086957,
    "DailyIC_N": 230,
    "DailyRankIC_mean": 0.0029155528284796504,
    "DailyRankIC_std": 0.15221806321245365,
    "DailyRankIC_tstat": 0.2904816088489635,
    "DailyRankIC_frac_pos": 0.4956521739130435,
    "DailyRankIC_N": 230,
    "QuantileSpread_mean": 0.0005191311160287093,
    "QuantileSpread_std": 0.013885913749874294,
    "QuantileSpread_sharpe": 0.5934755993395749,
    "QuantileSpread_N": 230,
    "Conformal_qhat(alpha=0.1)": 0.024091020226478577,
    "Conformal_coverage(alpha=0.1)": 0.8645113261724982,
    "Conformal_avg_width(alpha=0.1)": 0.04818204045295715,
    "Conformal_width_over_std(alpha=0.1)": 1.682945640706624,
    "Conformal_qhat(alpha=0.05)": 0.032954837661236525,
    "Conformal_coverage(alpha=0.05)": 0.925662022758694,
    "Conformal_avg_width(alpha=0.05)": 0.06590967532247305,
    "Conformal_width_over_std(alpha=0.05)": 2.3021524145006844
  }
}